source_id,description,url,accessed,as_of,official_or_secondary,used_in_file
SRC_KOSPI_WIKI_EN,Wikipedia 'KOSPI' annual closing table (values originate from KRX); base 100 on 1980-01-04,https://en.wikipedia.org/wiki/KOSPI,2026-10-07,latest close shown 2026-06-22; table to 2025,secondary (KRX data portal blocked from this environment),kospi_yearend_official.csv
SRC_KOSPI_WIKI_KO,"Korean Wikipedia '코스피' (same yearly table 1981-2024, base 1980-01-04=100)",https://ko.wikipedia.org/wiki/%EC%BD%94%EC%8A%A4%ED%94%BC,2026-10-07,to 2024,secondary,kospi_yearend_official.csv (cross-check)
SRC_1STOCK1,1stock1 KOSPI yearly returns table 1998-2024 (independent cross-check of year-end closes),https://www.1stock1.com/1stock1_770.htm,2026-10-07,to 2024,secondary,kospi_yearend_official.csv (cross-check 1998-2024)
SRC_DGMBC_2025,"대구MBC 2025-12-30: KOSPI 4,214.17 / KOSDAQ 925.47 year-end close",https://dgmbc.com/NewsArticle/816814,2026-10-07,2025-12-30,news,kospi_yearend_official.csv; kosdaq_official_points.csv
SRC_ASIAE_20261006,"아시아경제 2026-10-06 15:35: KOSPI 6941.39 (-62.35, -0.89%)",https://view.asiae.co.kr/article/2026100615351139558,2026-10-07,2026-10-06,news,kospi_latest.csv
SRC_ASIAE_20261001,아시아경제 2026-10-01: KOSPI 6971.35 (+133.31),https://view.asiae.co.kr/article/2026100115353993483,2026-10-07,2026-10-01,news (title in search result),kospi_latest.csv
SRC_NEWSPIM_20261006,"뉴스핌 2026-10-06: KOSPI 6941.39, KOSDAQ 919.92 (+26.63, +2.98%)",https://www.newspim.com/news/view/20261006001184,2026-10-07,2026-10-06,news,kospi_latest.csv; kosdaq_official_points.csv
SRC_FIREBAT_20261001,"Blog market close 2026-10-01: KOSPI 6,971.35 (prev 6,838.04), KOSDAQ 894.29 (+38.38, +4.48%)",https://firebat.co.kr/stock-blog/20261001-close,2026-10-07,2026-10-01,secondary (blog),kospi_latest.csv; kosdaq_official_points.csv
SRC_ENCYKOREA_KOSDAQ,"한국민족문화대백과사전 '코스닥 지수': base 1996-07-01, peak 2,834.4 (2000-03-10), end-1999 2561.4, end-2000 525.8, 1000 broken late Jan-2026",https://encykorea.aks.ac.kr/Article/E0068518,2026-10-07,2026,encyclopedia (Academy of Korean Studies),kosdaq_official_points.csv
SRC_KOSDAQ_WIKI_KO,"Korean Wikipedia '코스닥 지수': base 1996-07-01 = 100, x10 rebasing from 2004-01-26",https://ko.wikipedia.org/wiki/%EC%BD%94%EC%8A%A4%EB%8B%A5_%EC%A7%80%EC%88%98,2026-10-07,,secondary,kosdaq_official_points.csv
SRC_YAHOO_KQ11,Yahoo Finance ^KQ11 history page: 2026-08-28 close 838.41,https://finance.yahoo.com/quote/%5EKQ11/history/,2026-10-07,2026-08-28,secondary,kosdaq_official_points.csv
SRC_GURUFOCUS_KOSDAQ,GuruFocus KOSDAQ index: 820.64 on 2026-09-11,https://www.gurufocus.com/economic_indicators/4682/kosdaq-index,2026-10-07,2026-09-11,secondary,kosdaq_official_points.csv
SRC_KRX_MARCAP,"KRX 전종목시세 daily data (all listed stocks, 1995-05-02..2026-10-02) as mirrored in the FinanceData/marcap GitHub dataset (yearly parquet files). Used for the four stocks' prices and to rebuild KOSPI/KOSDAQ",https://github.com/FinanceData/marcap (raw files https://raw.githubusercontent.com/FinanceData/marcap/master/data/marcap-YYYY.parquet),2026-10-07,2026-10-02,official KRX data via third-party mirror,krx_marcap_4stocks_daily_raw.csv; krx_reconstructed_index_daily_unanchored.csv (built by scripts/extract_marcap.py and scripts/reconstruct_index.py)
SRC_STOCKANALYSIS_005930,"stockanalysis.com Samsung Electronics history: 2026-10-06 close 272,000; 2026-10-02 276,000",https://stockanalysis.com/quote/krx/005930/history/,2026-10-07,2026-10-06,secondary,other_points.csv
SRC_KB_APT_XLSX,"KB부동산 데이터허브 '월간 아파트 매매가격지수' Excel export dated 2026-09-14 (1986-01..2026-08; base 2026-01=100), mirrored in GitHub repo sonosgg-debug/streamlit-16-RealEstate (KBData/). sha256 7c9a2d733aa4a165a056397f69237ddbfc05ad908cb8419849d5a70c461c0891",https://github.com/sonosgg-debug/streamlit-16-RealEstate,2026-10-07,2026-08 (file dated 2026-09-14),official KB series via third-party mirror (kbland.kr unreachable),KB_monthly_apartment_sale_price_index_20260914_mirror.xlsx -> kb_apartment_sale_price_index_monthly.csv (scripts/extract_kb_apartment.py)
SRC_ECONOMIST_20231113,"이코노미스트 2023-11-13: KB monthly series analysis (Seoul apt x6.1 since 1986-01, nationwide x4.6, yearly changes)",https://economist.co.kr/article/view/ecn202311130026,2026-10-07,2023-10,news (cross-check only),other_points.csv (cross-check)
SRC_SBS_20231108,SBS 2023-11-08: same analysis by 부동산인포 of KB series,https://news.sbs.co.kr/news/endPage.do?news_id=N1007415358,2026-10-07,2023-10,news (cross-check only),other_points.csv (cross-check)
SRC_KHAN_20180921,경향신문 2018-09-21: KB apartment changes (Seoul 1998 -14.6% largest fall since 1986),https://www.khan.co.kr/article/201809212147005,2026-10-07,2018-08,news (cross-check only),cross-check only
SRC_KBTHINK_202601,KB주택시장 리뷰 2026년 1월호 (매매가격),https://kbthink.com/realestate/insights/research/260115-2.html,2026-10-07,2026-01-15,official KB report,other_points.csv
SRC_BIS_FRED_QKRN628BIS,"BIS Residential Property Prices for Republic of Korea, all dwellings, nationwide, nominal, 2010=100, quarterly 1975Q1-2026Q1 (via FRED)",https://fred.stlouisfed.org/data/QKRN628BIS,2026-10-07,2026Q1,official (BIS) via FRED,bis_korea_residential_property_prices_QKRN628BIS.csv
SRC_WB_FRED_CPI,"World Bank WDI 'Inflation, consumer prices for the Republic of Korea' annual % 1960-2025 (via FRED, last updated 2026-07-07)",https://fred.stlouisfed.org/data/FPCPITOTLZGKOR,2026-10-07,2025,official (World Bank/IMF) via FRED,korea_cpi_inflation_annual_worldbank.csv
SRC_KCMI_2020,"자본시장연구원 김준석, 이슈보고서 20-23 '한국 주식시장의 장기추세와 코로나19' (2020): 1990-2019 KOSPI price vs total return, average deposit rates",https://www.kcmi.re.kr/kcmifile/report_data/1215/reportpdf_1215.pdf,2026-10-07,2019,official research institute,kospi_dividend_evidence.csv; deposit_rate_evidence.csv
SRC_FNNEWS_20260506,"파이낸셜뉴스 2026-05-06 citing 한국거래소: KOSPI dividend yield 2.14% (2025-05-07) -> 0.92% (2026-05-04), 0.82% on 2026-04-29",https://www.fnnews.com/news/202605061513011012,2026-10-07,2026-05-04,news citing KRX,kospi_dividend_evidence.csv
SRC_CEIC_KOSPI_DY,CEIC Korea Exchange KOSPI market dividend yield series (KOSPI 50/100 medians 2000-2018),https://www.ceicdata.com/en/korea/korea-exchange-kospi-market-dividend-yield,2026-10-07,2018,secondary aggregator,kospi_dividend_evidence.csv
SRC_MSCI_KOREA_GROSS,"MSCI Korea Index (KRW) factsheet, gross returns, as of 2026-08-31",https://www.msci.com/documents/10199/255599/msci-korea-index-krw-gross.pdf,2026-10-07,2026-08-31,official index provider,kospi_dividend_evidence.csv
SRC_MSCI_KOREA_NET,"MSCI Korea Index (KRW) factsheet, net returns, as of 2026-09-30",https://www.msci.com/documents/10199/2dae4ac7-240b-42a7-87be-1cac61d547eb,2026-10-07,2026-09-30,official index provider,kospi_dividend_evidence.csv
SRC_INVESTING_HDY50,Investing.com KOSPI High Dividend Yield 50 historical data (last month only),https://www.investing.com/indices/kospi-high-dividend-yield-50-historical-data,2026-10-07,2026-10-06,secondary,other_points.csv
SRC_JEONSE_WIKI,Wikipedia 'Jeonse',https://en.wikipedia.org/wiki/Jeonse,2026-10-07,,secondary,rental_yield_evidence.csv
