날짜,구분,예측값,상단,하단
2026-09-30,실제출발,212500,212500,212500
2026-10-01,전망,212132,219413,205858
2026-10-02,전망,212105,223200,202253
2026-10-06,전망,211936,226158,199924
2026-10-07,전망,211884,228361,197755
2026-10-08,전망,211844,230366,196072
2026-10-12,전망,211682,232535,194488
2026-10-13,전망,211607,234366,193245
2026-10-14,전망,211549,236006,191824
2026-10-15,전망,211409,237369,190771
2026-10-16,전망,211217,239156,189495
2026-10-19,전망,211137,240502,188408
2026-10-20,전망,211135,242008,187511
2026-10-21,전망,211215,243480,186291
2026-10-22,전망,211033,244961,185315
2026-10-23,전망,210967,246259,184297
2026-10-26,전망,210953,247425,183033
2026-10-27,전망,210895,249202,182091
2026-10-28,전망,210842,250040,181430
2026-10-29,전망,210754,251276,180709
2026-10-30,전망,210632,252409,179889
