차례,종목코드,회사,시장,업종,시가총액(억 원),1년 주가(%),2026 흐름,2027 흐름,흐름 업종,까닭
1,005930,삼성전자,KOSPI,반도체와반도체장비,16135729,252.9,O,O,AI·반도체,2026 흐름: 1년 +253% · 영업이익 43.6조 원 → 381.2조 원(다음 해 예상) | 2027 흐름: AI·반도체 업종
2,000660,SK하이닉스,KOSPI,반도체와반도체장비,13455669,452.3,O,O,AI·반도체,2026 흐름: 1년 +452% · 영업이익 47.2조 원 → 263.9조 원(다음 해 예상) | 2027 흐름: AI·반도체 업종
3,402340,SK스퀘어,KOSPI,반도체와반도체장비,1525041,476.6,O,O,AI·반도체,2026 흐름: 1년 +477% · 영업이익 8.8조 원 → 50.4조 원(다음 해 예상) | 2027 흐름: AI·반도체 업종
4,009150,삼성전기,KOSPI,전자장비와기기,1177920,720.9,O,O,AI·반도체,"2026 흐름: 1년 +721% · 영업이익 9,133억 원 → 2.0조 원(다음 해 예상) | 2027 흐름: AI·반도체 업종"
5,034020,두산에너빌리티,KOSPI,기계,521417,32.8,O,O,피지컬 AI·로봇·AI 전환,"2026 흐름: 1년 +33% · 영업이익 7,627억 원 → 1.1조 원(다음 해 예상) | 2027 흐름: 피지컬 AI·로봇·AI 전환 업종"
6,034730,SK,KOSPI,석유와가스,419066,154.6,O,O,에너지·자원안보,2026 흐름: 1년 +155% · 영업이익 1.8조 원 → 12.3조 원(다음 해 예상) | 2027 흐름: 에너지·자원안보 업종
7,066570,LG전자,KOSPI,전자제품,351016,176.6,O,O,AI·반도체,2026 흐름: 1년 +177% · 영업이익 2.5조 원 → 4.7조 원(다음 해 예상) | 2027 흐름: AI·반도체 업종
8,010120,LS ELECTRIC,KOSPI,전기장비,313500,244.3,O,O,AI 데이터센터 전력,"2026 흐름: 1년 +244% · 영업이익 4,264억 원 → 7,182억 원(다음 해 예상) | 2027 흐름: AI 데이터센터 전력 업종"
9,298040,효성중공업,KOSPI,전기장비,260155,102.9,O,O,AI 데이터센터 전력,"2026 흐름: 1년 +103% · 영업이익 7,470억 원 → 1.1조 원(다음 해 예상) | 2027 흐름: AI 데이터센터 전력 업종"
10,042700,한미반도체,KOSPI,반도체와반도체장비,259249,198.9,O,O,AI·반도체,"2026 흐름: 1년 +199% · 영업이익 2,514억 원 → 3,822억 원(다음 해 예상) | 2027 흐름: AI·반도체 업종"
11,010950,S-Oil,KOSPI,석유와가스,185649,180.4,O,O,에너지·자원안보,"2026 흐름: 1년 +180% · 영업이익 2,356억 원 → 4.5조 원(다음 해 예상) | 2027 흐름: 에너지·자원안보 업종"
12,079550,LIG디펜스앤에어로스페이스,KOSPI,우주항공과국방,166980,46.8,O,O,우주항공·방산,"2026 흐름: 1년 +47% · 영업이익 3,194억 원 → 4,493억 원(다음 해 예상) | 2027 흐름: 우주항공·방산 업종"
13,267250,HD현대,KOSPI,조선,158381,23.9,O,O,조선,2026 흐름: 1년 +24% · 영업이익 6.1조 원 → 13.2조 원(다음 해 예상) | 2027 흐름: 조선 업종
14,272210,한화시스템,KOSPI,우주항공과국방,154914,42.4,O,O,우주항공·방산,"2026 흐름: 1년 +42% · 영업이익 1,199억 원 → 2,542억 원(다음 해 예상) | 2027 흐름: 우주항공·방산 업종"
15,278470,에이피알,KOSPI,화장품,137398,69.1,O,O,K-뷰티·K-컬처,"2026 흐름: 1년 +69% · 영업이익 3,655억 원 → 7,669억 원(다음 해 예상) | 2027 흐름: K-뷰티·K-컬처 업종"
16,011070,LG이노텍,KOSPI,전자장비와기기,135849,230.1,O,O,AI·반도체,"2026 흐름: 1년 +230% · 영업이익 6,650억 원 → 1.2조 원(다음 해 예상) | 2027 흐름: AI·반도체 업종"
17,036930,주성엔지니어링,KOSDAQ,반도체와반도체장비,111322,701.0,O,O,AI·반도체,2026 흐름: 1년 +701% · 영업이익 313억 원 → 408억 원(다음 해 예상) | 2027 흐름: AI·반도체 업종
18,307950,현대오토에버,KOSPI,IT서비스,105171,124.7,O,O,피지컬 AI·로봇·AI 전환,"2026 흐름: 1년 +125% · 영업이익 2,553억 원 → 2,837억 원(다음 해 예상) | 2027 흐름: 피지컬 AI·로봇·AI 전환 업종"
19,078930,GS,KOSPI,석유와가스,97633,125.0,O,O,에너지·자원안보,2026 흐름: 1년 +125% · 영업이익 2.9조 원 → 5.2조 원(다음 해 예상) | 2027 흐름: 에너지·자원안보 업종
20,000500,가온전선,KOSPI,전기장비,97522,897.3,O,O,AI 데이터센터 전력,"2026 흐름: 1년 +897% · 영업이익 792억 원 → 1,434억 원(다음 해 예상) | 2027 흐름: AI 데이터센터 전력 업종"
21,007660,이수페타시스,KOSPI,반도체와반도체장비,89559,57.8,O,O,AI·반도체,"2026 흐름: 1년 +58% · 영업이익 2,047억 원 → 3,486억 원(다음 해 예상) | 2027 흐름: AI·반도체 업종"
22,353200,대덕전자,KOSPI,전자장비와기기,73730,457.8,O,O,AI·반도체,"2026 흐름: 1년 +458% · 영업이익 491억 원 → 2,763억 원(다음 해 예상) | 2027 흐름: AI·반도체 업종"
23,062040,산일전기,KOSPI,전기장비,69559,88.5,O,O,AI 데이터센터 전력,"2026 흐름: 1년 +89% · 영업이익 1,786억 원 → 2,554억 원(다음 해 예상) | 2027 흐름: AI 데이터센터 전력 업종"
24,240810,원익IPS,KOSDAQ,반도체와반도체장비,68423,212.6,O,O,AI·반도체,"2026 흐름: 1년 +213% · 영업이익 738억 원 → 1,794억 원(다음 해 예상) | 2027 흐름: AI·반도체 업종"
25,039030,이오테크닉스,KOSDAQ,반도체와반도체장비,66156,143.0,O,O,AI·반도체,"2026 흐름: 1년 +143% · 영업이익 808억 원 → 1,332억 원(다음 해 예상) | 2027 흐름: AI·반도체 업종"
26,058470,리노공업,KOSDAQ,반도체와반도체장비,64856,75.1,O,O,AI·반도체,"2026 흐름: 1년 +75% · 영업이익 1,770억 원 → 2,254억 원(다음 해 예상) | 2027 흐름: AI·반도체 업종"
27,128940,한미약품,KOSPI,제약,64567,61.5,O,O,첨단바이오,"2026 흐름: 1년 +62% · 영업이익 2,578억 원 → 3,665억 원(다음 해 예상) | 2027 흐름: 첨단바이오 업종"
28,001440,대한전선,KOSPI,전기장비,61738,96.9,O,O,AI 데이터센터 전력,"2026 흐름: 1년 +97% · 영업이익 1,286억 원 → 2,290억 원(다음 해 예상) | 2027 흐름: AI 데이터센터 전력 업종"
29,000990,DB하이텍,KOSPI,반도체와반도체장비,61472,148.8,O,O,AI·반도체,"2026 흐름: 1년 +149% · 영업이익 2,773억 원 → 4,165억 원(다음 해 예상) | 2027 흐름: AI·반도체 업종"
30,267270,HD건설기계,KOSPI,기계,56047,22.3,O,O,피지컬 AI·로봇·AI 전환,"2026 흐름: 1년 +22% · 영업이익 1,709억 원 → 7,933억 원(다음 해 예상) | 2027 흐름: 피지컬 AI·로봇·AI 전환 업종"
31,403870,HPSP,KOSDAQ,반도체와반도체장비,54483,121.0,O,O,AI·반도체,"2026 흐름: 1년 +121% · 영업이익 899억 원 → 1,388억 원(다음 해 예상) | 2027 흐름: AI·반도체 업종"
32,095340,ISC,KOSDAQ,반도체와반도체장비,44514,184.9,O,O,AI·반도체,"2026 흐름: 1년 +185% · 영업이익 601억 원 → 1,034억 원(다음 해 예상) | 2027 흐름: AI·반도체 업종"
33,319660,피에스케이,KOSDAQ,반도체와반도체장비,44029,442.9,O,O,AI·반도체,"2026 흐름: 1년 +443% · 영업이익 885억 원 → 1,887억 원(다음 해 예상) | 2027 흐름: AI·반도체 업종"
34,031980,피에스케이홀딩스,KOSDAQ,반도체와반도체장비,41745,385.8,O,O,AI·반도체,"2026 흐름: 1년 +386% · 영업이익 734억 원 → 1,094억 원(다음 해 예상) | 2027 흐름: AI·반도체 업종"
35,084370,유진테크,KOSDAQ,반도체와반도체장비,41111,190.3,O,O,AI·반도체,"2026 흐름: 1년 +190% · 영업이익 517억 원 → 1,023억 원(다음 해 예상) | 2027 흐름: AI·반도체 업종"
36,103590,일진전기,KOSPI,전기장비,41009,137.9,O,O,AI 데이터센터 전력,"2026 흐름: 1년 +138% · 영업이익 1,512억 원 → 2,525억 원(다음 해 예상) | 2027 흐름: AI 데이터센터 전력 업종"
37,008930,한미사이언스,KOSPI,제약,37615,40.3,O,O,첨단바이오,"2026 흐름: 1년 +40% · 영업이익 1,387억 원 → 1,783억 원(다음 해 예상) | 2027 흐름: 첨단바이오 업종"
38,095610,테스,KOSDAQ,반도체와반도체장비,34538,329.9,O,O,AI·반도체,"2026 흐름: 1년 +330% · 영업이익 578억 원 → 1,038억 원(다음 해 예상) | 2027 흐름: AI·반도체 업종"
39,064760,티씨케이,KOSDAQ,반도체와반도체장비,33315,100,O,O,AI·반도체,"2026 흐름: 1년 +100% · 영업이익 839억 원 → 1,243억 원(다음 해 예상) | 2027 흐름: AI·반도체 업종"
40,357780,솔브레인,KOSDAQ,반도체와반도체장비,33176,55.9,O,O,AI·반도체,"2026 흐름: 1년 +56% · 영업이익 1,336억 원 → 2,031억 원(다음 해 예상) | 2027 흐름: AI·반도체 업종"
41,161890,한국콜마,KOSPI,화장품,32363,73.8,O,O,K-뷰티·K-컬처,"2026 흐름: 1년 +74% · 영업이익 2,396억 원 → 3,458억 원(다음 해 예상) | 2027 흐름: K-뷰티·K-컬처 업종"
42,131290,티에스이,KOSDAQ,반도체와반도체장비,32355,547.8,O,O,AI·반도체,"2026 흐름: 1년 +548% · 영업이익 492억 원 → 1,918억 원(다음 해 예상) | 2027 흐름: AI·반도체 업종"
43,080220,제주반도체,KOSDAQ,반도체와반도체장비,31963,388.2,O,O,AI·반도체,2026 흐름: 1년 +388% · 영업이익 96억 원 → 359억 원(지난 두 해) | 2027 흐름: AI·반도체 업종
44,043260,성호전자,KOSDAQ,전기제품,23692,2865.1,O,O,이차전지·전기차,2026 흐름: 1년 +2865% · 영업이익 76억 원 → 410억 원(다음 해 예상) | 2027 흐름: 이차전지·전기차 업종
45,098460,고영,KOSDAQ,전자장비와기기,23496,126.6,O,O,AI·반도체,2026 흐름: 1년 +127% · 영업이익 173억 원 → 580억 원(다음 해 예상) | 2027 흐름: AI·반도체 업종
46,058610,에스피지,KOSDAQ,전기제품,22931,283.0,O,O,이차전지·전기차,2026 흐름: 1년 +283% · 영업이익 179억 원 → 212억 원(다음 해 예상) | 2027 흐름: 이차전지·전기차 업종
47,229640,LS에코에너지,KOSPI,전기장비,20488,71.5,O,O,AI 데이터센터 전력,2026 흐름: 1년 +72% · 영업이익 668억 원 → 846억 원(다음 해 예상) | 2027 흐름: AI 데이터센터 전력 업종
48,007810,코리아써키트,KOSPI,전자장비와기기,19882,401.8,O,O,AI·반도체,2026 흐름: 1년 +402% · 영업이익 538억 원 → 971억 원(다음 해 예상) | 2027 흐름: AI·반도체 업종
49,181710,NHN,KOSPI,IT서비스,18524,109.5,O,O,피지컬 AI·로봇·AI 전환,"2026 흐름: 1년 +110% · 영업이익 1,324억 원 → 1,991억 원(다음 해 예상) | 2027 흐름: 피지컬 AI·로봇·AI 전환 업종"
50,281820,케이씨텍,KOSPI,반도체와반도체장비,18235,148.2,O,O,AI·반도체,2026 흐름: 1년 +148% · 영업이익 498억 원 → 600억 원(지난 두 해) | 2027 흐름: AI·반도체 업종
51,089970,브이엠,KOSDAQ,반도체와반도체장비,17744,305.5,O,O,AI·반도체,2026 흐름: 1년 +306% · 영업이익 247억 원 → 952억 원(다음 해 예상) | 2027 흐름: AI·반도체 업종
52,183300,코미코,KOSDAQ,반도체와반도체장비,17695,77.1,O,O,AI·반도체,"2026 흐름: 1년 +77% · 영업이익 1,110억 원 → 1,200억 원(다음 해 예상) | 2027 흐름: AI·반도체 업종"
53,096530,씨젠,KOSDAQ,생명과학도구및서비스,17175,41.6,O,O,첨단바이오,2026 흐름: 1년 +42% · 영업이익 346억 원 → 900억 원(다음 해 예상) | 2027 흐름: 첨단바이오 업종
54,218410,RFHIC,KOSDAQ,통신장비,16530,93.2,O,O,통신장비·양자,2026 흐름: 1년 +93% · 영업이익 309억 원 → 551억 원(다음 해 예상) | 2027 흐름: 통신장비·양자 업종
55,001820,삼화콘덴서,KOSPI,전기제품,16403,397.8,O,O,이차전지·전기차,2026 흐름: 1년 +398% · 영업이익 129억 원 → 299억 원(다음 해 예상) | 2027 흐름: 이차전지·전기차 업종
56,420770,기가비스,KOSDAQ,반도체와반도체장비,16390,248.5,O,O,AI·반도체,2026 흐름: 1년 +249% · 영업이익 121억 원 → 344억 원(다음 해 예상) | 2027 흐름: AI·반도체 업종
57,322000,HD현대에너지솔루션,KOSPI,에너지장비및서비스,15590,171.9,O,O,에너지·자원안보,"2026 흐름: 1년 +172% · 영업이익 412억 원 → 1,432억 원(다음 해 예상) | 2027 흐름: 에너지·자원안보 업종"
58,232140,와이씨,KOSDAQ,반도체와반도체장비,13890,39.1,O,O,AI·반도체,2026 흐름: 1년 +39% · 영업이익 170억 원 → 551억 원(다음 해 예상) | 2027 흐름: AI·반도체 업종
59,082920,비츠로셀,KOSDAQ,전기제품,13406,101.9,O,O,이차전지·전기차,2026 흐름: 1년 +102% · 영업이익 693억 원 → 896억 원(다음 해 예상) | 2027 흐름: 이차전지·전기차 업종
60,347700,스피어,KOSDAQ,우주항공과국방,12733,110.8,O,O,우주항공·방산,2026 흐름: 1년 +111% · 영업이익 91억 원 → 144억 원(다음 해 예상) | 2027 흐름: 우주항공·방산 업종
61,166090,하나머티리얼즈,KOSDAQ,반도체와반도체장비,12519,66.8,O,O,AI·반도체,2026 흐름: 1년 +67% · 영업이익 501억 원 → 991억 원(다음 해 예상) | 2027 흐름: AI·반도체 업종
62,003160,디아이,KOSPI,반도체와반도체장비,12028,187.5,O,O,AI·반도체,"2026 흐름: 1년 +188% · 영업이익 365억 원 → 1,157억 원(다음 해 예상) | 2027 흐름: AI·반도체 업종"
63,252990,샘씨엔에스,KOSDAQ,반도체와반도체장비,11995,244.0,O,O,AI·반도체,2026 흐름: 1년 +244% · 영업이익 147억 원 → 349억 원(다음 해 예상) | 2027 흐름: AI·반도체 업종
64,241710,코스메카코리아,KOSDAQ,화장품,11823,71.9,O,O,K-뷰티·K-컬처,"2026 흐름: 1년 +72% · 영업이익 835억 원 → 1,145억 원(다음 해 예상) | 2027 흐름: K-뷰티·K-컬처 업종"
65,006120,SK디스커버리,KOSPI,석유와가스,11772,23.4,O,O,에너지·자원안보,"2026 흐름: 1년 +23% · 영업이익 1,726억 원 → 3,614억 원(지난 두 해) | 2027 흐름: 에너지·자원안보 업종"
66,356860,티엘비,KOSDAQ,반도체와반도체장비,11543,163.3,O,O,AI·반도체,2026 흐름: 1년 +163% · 영업이익 260억 원 → 577억 원(다음 해 예상) | 2027 흐름: AI·반도체 업종
67,056190,SFA,KOSDAQ,기계,11168,21.2,O,O,피지컬 AI·로봇·AI 전환,"2026 흐름: 1년 +21% · 영업이익 859억 원 → 1,185억 원(다음 해 예상) | 2027 흐름: 피지컬 AI·로봇·AI 전환 업종"
68,195870,해성디에스,KOSPI,반도체와반도체장비,11135,145.8,O,O,AI·반도체,"2026 흐름: 1년 +146% · 영업이익 465억 원 → 1,027억 원(다음 해 예상) | 2027 흐름: AI·반도체 업종"
69,458870,씨어스,KOSDAQ,건강관리기술,10353,36.8,O,O,첨단바이오,2026 흐름: 1년 +37% · 영업이익 163억 원 → 564억 원(다음 해 예상) | 2027 흐름: 첨단바이오 업종
70,083450,GST,KOSDAQ,반도체와반도체장비,9934,143.3,O,O,AI·반도체,2026 흐름: 1년 +143% · 영업이익 592억 원 → 759억 원(다음 해 예상) | 2027 흐름: AI·반도체 업종
71,327260,RF머트리얼즈,KOSDAQ,우주항공과국방,9569,719.7,O,O,우주항공·방산,2026 흐름: 1년 +720% · 영업이익 74억 원 → 181억 원(다음 해 예상) | 2027 흐름: 우주항공·방산 업종
72,099320,쎄트렉아이,KOSDAQ,우주항공과국방,9035,29.7,O,O,우주항공·방산,2026 흐름: 1년 +30% · 영업이익 102억 원 → 183억 원(다음 해 예상) | 2027 흐름: 우주항공·방산 업종
73,425420,티에프이,KOSDAQ,반도체와반도체장비,8964,85.2,O,O,AI·반도체,2026 흐름: 1년 +85% · 영업이익 191억 원 → 360억 원(다음 해 예상) | 2027 흐름: AI·반도체 업종
74,031330,에스에이엠티,KOSDAQ,전자장비와기기,8830,185.3,O,O,AI·반도체,"2026 흐름: 1년 +185% · 영업이익 674억 원 → 1,139억 원(지난 두 해) | 2027 흐름: AI·반도체 업종"
75,053800,안랩,KOSDAQ,소프트웨어,8723,28.1,O,O,피지컬 AI·로봇·AI 전환,2026 흐름: 1년 +28% · 영업이익 277억 원 → 333억 원(지난 두 해) | 2027 흐름: 피지컬 AI·로봇·AI 전환 업종
76,074600,원익QnC,KOSDAQ,반도체와반도체장비,8583,49.1,O,O,AI·반도체,"2026 흐름: 1년 +49% · 영업이익 596억 원 → 1,166억 원(다음 해 예상) | 2027 흐름: AI·반도체 업종"
77,189300,인텔리안테크,KOSDAQ,통신장비,7903,47.8,O,O,통신장비·양자,2026 흐름: 1년 +48% · 영업이익 120억 원 → 368억 원(다음 해 예상) | 2027 흐름: 통신장비·양자 업종
78,053610,프로텍,KOSDAQ,반도체와반도체장비,7686,179.1,O,O,AI·반도체,2026 흐름: 1년 +179% · 영업이익 463억 원 → 751억 원(다음 해 예상) | 2027 흐름: AI·반도체 업종
79,033640,네패스,KOSDAQ,반도체와반도체장비,7333,124.9,O,O,AI·반도체,2026 흐름: 1년 +125% · 영업이익 238억 원 → 586억 원(다음 해 예상) | 2027 흐름: AI·반도체 업종
80,122640,예스티,KOSDAQ,반도체와반도체장비,7329,68.4,O,O,AI·반도체,2026 흐름: 1년 +68% · 영업이익 38억 원 → 254억 원(다음 해 예상) | 2027 흐름: AI·반도체 업종
81,476060,온코닉테라퓨틱스,KOSDAQ,제약,7129,40.5,O,O,첨단바이오,2026 흐름: 1년 +40% · 영업이익 126억 원 → 258억 원(다음 해 예상) | 2027 흐름: 첨단바이오 업종
82,041830,인바디,KOSDAQ,건강관리장비와용품,7024,81.5,O,O,첨단바이오,2026 흐름: 1년 +82% · 영업이익 368억 원 → 576억 원(다음 해 예상) | 2027 흐름: 첨단바이오 업종
83,092870,엑시콘,KOSDAQ,반도체와반도체장비,6917,272.2,O,O,AI·반도체,2026 흐름: 1년 +272% · 영업이익 1억 원 → 213억 원(다음 해 예상) | 2027 흐름: AI·반도체 업종
84,253590,네오셈,KOSDAQ,반도체와반도체장비,6835,68.1,O,O,AI·반도체,2026 흐름: 1년 +68% · 영업이익 41억 원 → 279억 원(다음 해 예상) | 2027 흐름: AI·반도체 업종
85,050890,쏠리드,KOSDAQ,통신장비,6495,57.7,O,O,통신장비·양자,2026 흐름: 1년 +58% · 영업이익 333억 원 → 361억 원(다음 해 예상) | 2027 흐름: 통신장비·양자 업종
86,001060,JW중외제약,KOSPI,제약,6241,21.8,O,O,첨단바이오,2026 흐름: 1년 +22% · 영업이익 825억 원 → 945억 원(지난 두 해) | 2027 흐름: 첨단바이오 업종
87,093320,케이아이엔엑스,KOSDAQ,IT서비스,6149,37.1,O,O,피지컬 AI·로봇·AI 전환,2026 흐름: 1년 +37% · 영업이익 239억 원 → 360억 원(다음 해 예상) | 2027 흐름: 피지컬 AI·로봇·AI 전환 업종
88,080580,오킨스전자,KOSDAQ,반도체와반도체장비,6148,259.4,O,O,AI·반도체,2026 흐름: 1년 +259% · 영업이익 111억 원 → 297억 원(다음 해 예상) | 2027 흐름: AI·반도체 업종
89,033240,자화전자,KOSPI,통신장비,6114,26.3,O,O,통신장비·양자,2026 흐름: 1년 +26% · 영업이익 420억 원 → 921억 원(다음 해 예상) | 2027 흐름: 통신장비·양자 업종
90,089890,코세스,KOSDAQ,반도체와반도체장비,6045,153.1,O,O,AI·반도체,2026 흐름: 1년 +153% · 영업이익 174억 원 → 390억 원(다음 해 예상) | 2027 흐름: AI·반도체 업종
91,219130,타이거일렉,KOSDAQ,반도체와반도체장비,5828,313.0,O,O,AI·반도체,2026 흐름: 1년 +313% · 영업이익 72억 원 → 287억 원(다음 해 예상) | 2027 흐름: AI·반도체 업종
92,144960,뉴파워프라즈마,KOSDAQ,반도체와반도체장비,5781,144.6,O,O,AI·반도체,2026 흐름: 1년 +145% · 영업이익 287억 원 → 692억 원(다음 해 예상) | 2027 흐름: AI·반도체 업종
93,356680,엑스게이트,KOSDAQ,소프트웨어,5497,150.5,O,O,피지컬 AI·로봇·AI 전환,2026 흐름: 1년 +150% · 영업이익 35억 원 → 38억 원(지난 두 해) | 2027 흐름: 피지컬 AI·로봇·AI 전환 업종
94,037460,삼지전자,KOSDAQ,통신장비,5426,166.0,O,O,통신장비·양자,"2026 흐름: 1년 +166% · 영업이익 1,156억 원 → 1,624억 원(지난 두 해) | 2027 흐름: 통신장비·양자 업종"
95,079940,가비아,KOSDAQ,IT서비스,5254,32.0,O,O,피지컬 AI·로봇·AI 전환,2026 흐름: 1년 +32% · 영업이익 351억 원 → 405억 원(지난 두 해) | 2027 흐름: 피지컬 AI·로봇·AI 전환 업종
96,098120,마이크로컨텍솔,KOSDAQ,반도체와반도체장비,5038,216.3,O,O,AI·반도체,2026 흐름: 1년 +216% · 영업이익 102억 원 → 177억 원(지난 두 해) | 2027 흐름: AI·반도체 업종
97,008060,대덕,KOSPI,전자장비와기기,5034,90.0,O,O,AI·반도체,2026 흐름: 1년 +90% · 영업이익 84억 원 → 113억 원(지난 두 해) | 2027 흐름: AI·반도체 업종
98,033160,엠케이전자,KOSDAQ,반도체와반도체장비,4913,123.7,O,O,AI·반도체,"2026 흐름: 1년 +124% · 영업이익 142억 원 → 1,153억 원(다음 해 예상) | 2027 흐름: AI·반도체 업종"
99,029460,케이씨,KOSPI,반도체와반도체장비,4860,77.1,O,O,AI·반도체,2026 흐름: 1년 +77% · 영업이익 465억 원 → 756억 원(다음 해 예상) | 2027 흐름: AI·반도체 업종
100,368770,파이버프로,KOSDAQ,전자장비와기기,4836,123.0,O,O,AI·반도체,2026 흐름: 1년 +123% · 영업이익 101억 원 → 159억 원(다음 해 예상) | 2027 흐름: AI·반도체 업종
101,019210,와이지-원,KOSDAQ,기계,4791,143.9,O,O,피지컬 AI·로봇·AI 전환,"2026 흐름: 1년 +144% · 영업이익 665억 원 → 1,910억 원(다음 해 예상) | 2027 흐름: 피지컬 AI·로봇·AI 전환 업종"
102,170920,엘티씨,KOSDAQ,반도체와반도체장비,4611,162.5,O,O,AI·반도체,2026 흐름: 1년 +162% · 영업이익 296억 원 → 734억 원(다음 해 예상) | 2027 흐름: AI·반도체 업종
103,200470,에이팩트,KOSDAQ,반도체와반도체장비,4523,187.5,O,O,AI·반도체,2026 흐름: 1년 +187% · 영업이익 −215억 원 → 53억 원(지난 두 해) | 2027 흐름: AI·반도체 업종
104,114810,한솔아이원스,KOSDAQ,반도체와반도체장비,4357,31.9,O,O,AI·반도체,2026 흐름: 1년 +32% · 영업이익 333억 원 → 427억 원(다음 해 예상) | 2027 흐름: AI·반도체 업종
105,417840,저스템,KOSDAQ,반도체와반도체장비,4280,326.1,O,O,AI·반도체,2026 흐름: 1년 +326% · 영업이익 46억 원 → 356억 원(다음 해 예상) | 2027 흐름: AI·반도체 업종
106,241770,메카로,KOSDAQ,반도체와반도체장비,4143,164.8,O,O,AI·반도체,2026 흐름: 1년 +165% · 영업이익 41억 원 → 154억 원(지난 두 해) | 2027 흐름: AI·반도체 업종
107,012030,DB,KOSPI,IT서비스,4064,25.9,O,O,피지컬 AI·로봇·AI 전환,2026 흐름: 1년 +26% · 영업이익 296억 원 → 416억 원(지난 두 해) | 2027 흐름: 피지컬 AI·로봇·AI 전환 업종
108,330860,네패스아크,KOSDAQ,반도체와반도체장비,3990,95.5,O,O,AI·반도체,2026 흐름: 1년 +96% · 영업이익 48억 원 → 267억 원(다음 해 예상) | 2027 흐름: AI·반도체 업종
109,236200,슈프리마,KOSDAQ,전자장비와기기,3878,64.5,O,O,AI·반도체,2026 흐름: 1년 +64% · 영업이익 327억 원 → 395억 원(다음 해 예상) | 2027 흐름: AI·반도체 업종
110,092730,네오팜,KOSDAQ,화장품,3743,25.2,O,O,K-뷰티·K-컬처,2026 흐름: 1년 +25% · 영업이익 288억 원 → 341억 원(다음 해 예상) | 2027 흐름: K-뷰티·K-컬처 업종
111,006910,보성파워텍,KOSDAQ,전기장비,3660,68.2,O,O,AI 데이터센터 전력,2026 흐름: 1년 +68% · 영업이익 48억 원 → 268억 원(지난 두 해) | 2027 흐름: AI 데이터센터 전력 업종
112,015860,일진홀딩스,KOSPI,전기장비,3652,32.4,O,O,AI 데이터센터 전력,"2026 흐름: 1년 +32% · 영업이익 725억 원 → 1,456억 원(지난 두 해) | 2027 흐름: AI 데이터센터 전력 업종"
113,093520,매커스,KOSDAQ,반도체와반도체장비,3541,31.9,O,O,AI·반도체,2026 흐름: 1년 +32% · 영업이익 291억 원 → 423억 원(다음 해 예상) | 2027 흐름: AI·반도체 업종
114,003350,한국화장품제조,KOSPI,화장품,3506,32.0,O,O,K-뷰티·K-컬처,2026 흐름: 1년 +32% · 영업이익 329억 원 → 491억 원(다음 해 예상) | 2027 흐름: K-뷰티·K-컬처 업종
115,482630,삼양엔씨켐,KOSDAQ,반도체와반도체장비,3432,59.2,O,O,AI·반도체,2026 흐름: 1년 +59% · 영업이익 176억 원 → 243억 원(다음 해 예상) | 2027 흐름: AI·반도체 업종
116,234340,헥토파이낸셜,KOSDAQ,IT서비스,3346,39.8,O,O,피지컬 AI·로봇·AI 전환,2026 흐름: 1년 +40% · 영업이익 156억 원 → 260억 원(다음 해 예상) | 2027 흐름: 피지컬 AI·로봇·AI 전환 업종
117,096760,JW홀딩스,KOSPI,제약,3249,31.8,O,O,첨단바이오,"2026 흐름: 1년 +32% · 영업이익 1,465억 원 → 1,679억 원(지난 두 해) | 2027 흐름: 첨단바이오 업종"
118,425040,티이엠씨,KOSDAQ,반도체와반도체장비,3238,75.0,O,O,AI·반도체,2026 흐름: 1년 +75% · 영업이익 197억 원 → 248억 원(지난 두 해) | 2027 흐름: AI·반도체 업종
119,010820,퍼스텍,KOSPI,우주항공과국방,3190,38.4,O,O,우주항공·방산,2026 흐름: 1년 +38% · 영업이익 43억 원 → 107억 원(지난 두 해) | 2027 흐름: 우주항공·방산 업종
120,160980,싸이맥스,KOSDAQ,반도체와반도체장비,3102,90.6,O,O,AI·반도체,2026 흐름: 1년 +91% · 영업이익 233억 원 → 359억 원(다음 해 예상) | 2027 흐름: AI·반도체 업종
121,091580,상신이디피,KOSDAQ,전기제품,2992,125.4,O,O,이차전지·전기차,2026 흐름: 1년 +125% · 영업이익 87억 원 → 260억 원(다음 해 예상) | 2027 흐름: 이차전지·전기차 업종
122,042370,비츠로테크,KOSDAQ,전기제품,2976,31.6,O,O,이차전지·전기차,2026 흐름: 1년 +32% · 영업이익 511억 원 → 557억 원(지난 두 해) | 2027 흐름: 이차전지·전기차 업종
123,071200,인피니트헬스케어,KOSDAQ,건강관리기술,2859,88.3,O,O,첨단바이오,2026 흐름: 1년 +88% · 영업이익 77억 원 → 142억 원(지난 두 해) | 2027 흐름: 첨단바이오 업종
124,024840,KBI메탈,KOSDAQ,전기장비,2804,219.3,O,O,AI 데이터센터 전력,2026 흐름: 1년 +219% · 영업이익 175억 원 → 243억 원(지난 두 해) | 2027 흐름: AI 데이터센터 전력 업종
125,452280,한선엔지니어링,KOSDAQ,기계,2764,23.5,O,O,피지컬 AI·로봇·AI 전환,2026 흐름: 1년 +23% · 영업이익 98억 원 → 220억 원(다음 해 예상) | 2027 흐름: 피지컬 AI·로봇·AI 전환 업종
126,012210,삼미금속,KOSDAQ,기계,2759,191.2,O,O,피지컬 AI·로봇·AI 전환,2026 흐름: 1년 +191% · 영업이익 58억 원 → 80억 원(다음 해 예상) | 2027 흐름: 피지컬 AI·로봇·AI 전환 업종
127,004310,현대약품,KOSPI,제약,2688,110.8,O,O,첨단바이오,2026 흐름: 1년 +111% · 영업이익 2억 원 → 42억 원(지난 두 해) | 2027 흐름: 첨단바이오 업종
128,272110,케이엔제이,KOSDAQ,반도체와반도체장비,2596,46.1,O,O,AI·반도체,2026 흐름: 1년 +46% · 영업이익 222억 원 → 312억 원(다음 해 예상) | 2027 흐름: AI·반도체 업종
129,100120,뷰웍스,KOSDAQ,건강관리장비와용품,2575,42.1,O,O,첨단바이오,2026 흐름: 1년 +42% · 영업이익 214억 원 → 383억 원(다음 해 예상) | 2027 흐름: 첨단바이오 업종
130,064850,에프앤가이드,KOSDAQ,IT서비스,2413,139.0,O,O,피지컬 AI·로봇·AI 전환,2026 흐름: 1년 +139% · 영업이익 107억 원 → 293억 원(다음 해 예상) | 2027 흐름: 피지컬 AI·로봇·AI 전환 업종
131,077500,유니퀘스트,KOSPI,반도체와반도체장비,2257,49.5,O,O,AI·반도체,2026 흐름: 1년 +49% · 영업이익 341억 원 → 367억 원(지난 두 해) | 2027 흐름: AI·반도체 업종
132,125020,티씨머티리얼즈,KOSDAQ,전기장비,2190,35.7,O,O,AI 데이터센터 전력,2026 흐름: 1년 +36% · 영업이익 68억 원 → 213억 원(다음 해 예상) | 2027 흐름: AI 데이터센터 전력 업종
133,126730,코칩,KOSDAQ,전기제품,2105,41.2,O,O,이차전지·전기차,2026 흐름: 1년 +41% · 영업이익 11억 원 → 127억 원(다음 해 예상) | 2027 흐름: 이차전지·전기차 업종
134,382800,지앤비에스 에코,KOSDAQ,반도체와반도체장비,2063,102.8,O,O,AI·반도체,2026 흐름: 1년 +103% · 영업이익 78억 원 → 265억 원(다음 해 예상) | 2027 흐름: AI·반도체 업종
135,041920,메디아나,KOSDAQ,건강관리장비와용품,1886,92.0,O,O,첨단바이오,2026 흐름: 1년 +92% · 영업이익 60억 원 → 160억 원(다음 해 예상) | 2027 흐름: 첨단바이오 업종
136,086670,비엠티,KOSDAQ,기계,1875,56.8,O,O,피지컬 AI·로봇·AI 전환,2026 흐름: 1년 +57% · 영업이익 153억 원 → 200억 원(다음 해 예상) | 2027 흐름: 피지컬 AI·로봇·AI 전환 업종
137,388790,라이콤,KOSDAQ,통신장비,1754,140.2,O,O,통신장비·양자,2026 흐름: 1년 +140% · 영업이익 −53억 원 → 6억 원(지난 두 해) | 2027 흐름: 통신장비·양자 업종
138,445180,퓨릿,KOSDAQ,반도체와반도체장비,1741,34.0,O,O,AI·반도체,2026 흐름: 1년 +34% · 영업이익 172억 원 → 227억 원(다음 해 예상) | 2027 흐름: AI·반도체 업종
139,039860,나노엔텍,KOSDAQ,생명과학도구및서비스,1731,31.2,O,O,첨단바이오,2026 흐름: 1년 +31% · 영업이익 6억 원 → 11억 원(지난 두 해) | 2027 흐름: 첨단바이오 업종
140,264450,유비쿼스,KOSDAQ,통신장비,1723,27.2,O,O,통신장비·양자,2026 흐름: 1년 +27% · 영업이익 231억 원 → 278억 원(다음 해 예상) | 2027 흐름: 통신장비·양자 업종
141,204610,티쓰리,KOSDAQ,게임엔터테인먼트,1613,36.9,O,O,K-뷰티·K-컬처,2026 흐름: 1년 +37% · 영업이익 105억 원 → 170억 원(지난 두 해) | 2027 흐름: K-뷰티·K-컬처 업종
142,452190,한빛레이저,KOSDAQ,전기제품,1474,26.1,O,O,이차전지·전기차,2026 흐름: 1년 +26% · 영업이익 −26억 원 → 20억 원(지난 두 해) | 2027 흐름: 이차전지·전기차 업종
143,232680,라온로보틱스,KOSDAQ,반도체와반도체장비,1456,34.7,O,O,AI·반도체,2026 흐름: 1년 +35% · 영업이익 25억 원 → 40억 원(지난 두 해) | 2027 흐름: AI·반도체 업종
144,059120,아진엑스텍,KOSDAQ,반도체와반도체장비,1454,105.1,O,O,AI·반도체,2026 흐름: 1년 +105% · 영업이익 −42억 원 → 10억 원(지난 두 해) | 2027 흐름: AI·반도체 업종
145,417500,제이아이테크,KOSDAQ,반도체와반도체장비,1418,33.1,O,O,AI·반도체,2026 흐름: 1년 +33% · 영업이익 87억 원 → 104억 원(지난 두 해) | 2027 흐름: AI·반도체 업종
146,072950,빛샘전자,KOSDAQ,전자장비와기기,1389,241.6,O,O,AI·반도체,2026 흐름: 1년 +242% · 영업이익 51억 원 → 90억 원(지난 두 해) | 2027 흐름: AI·반도체 업종
147,052860,아이앤씨,KOSDAQ,반도체와반도체장비,1363,224.7,O,O,AI·반도체,2026 흐름: 1년 +225% · 영업이익 −107억 원 → 41억 원(지난 두 해) | 2027 흐름: AI·반도체 업종
148,115440,우리넷,KOSDAQ,통신장비,1338,84.2,O,O,통신장비·양자,2026 흐름: 1년 +84% · 영업이익 19억 원 → 31억 원(다음 해 예상) | 2027 흐름: 통신장비·양자 업종
149,094840,슈프리마에이치큐,KOSDAQ,전자장비와기기,1304,95.6,O,O,AI·반도체,2026 흐름: 1년 +96% · 영업이익 25억 원 → 39억 원(지난 두 해) | 2027 흐름: AI·반도체 업종
150,001540,안국약품,KOSDAQ,제약,1293,24.8,O,O,첨단바이오,2026 흐름: 1년 +25% · 영업이익 67억 원 → 98억 원(지난 두 해) | 2027 흐름: 첨단바이오 업종
151,138360,앤로보틱스,KOSDAQ,기계,1252,81.0,O,O,피지컬 AI·로봇·AI 전환,2026 흐름: 1년 +81% · 영업이익 −12억 원 → 6억 원(지난 두 해) | 2027 흐름: 피지컬 AI·로봇·AI 전환 업종
152,474610,RF시스템즈,KOSDAQ,우주항공과국방,1240,63.2,O,O,우주항공·방산,2026 흐름: 1년 +63% · 영업이익 17억 원 → 41억 원(지난 두 해) | 2027 흐름: 우주항공·방산 업종
153,101170,우림피티에스,KOSDAQ,기계,1188,66.3,O,O,피지컬 AI·로봇·AI 전환,2026 흐름: 1년 +66% · 영업이익 −16억 원 → 12억 원(지난 두 해) | 2027 흐름: 피지컬 AI·로봇·AI 전환 업종
154,311320,지오엘리먼트,KOSDAQ,반도체와반도체장비,1113,27.1,O,O,AI·반도체,2026 흐름: 1년 +27% · 영업이익 44억 원 → 116억 원(다음 해 예상) | 2027 흐름: AI·반도체 업종
155,037030,파워넷,KOSDAQ,전기제품,1059,32.4,O,O,이차전지·전기차,2026 흐름: 1년 +32% · 영업이익 133억 원 → 246억 원(지난 두 해) | 2027 흐름: 이차전지·전기차 업종
156,207940,삼성바이오로직스,KOSPI,제약,632334,-8.3,,O,첨단바이오,2027 흐름: 첨단바이오 업종 · 영업이익 2.1조 원 → 2.4조 원(다음 해 예상)
157,105560,KB금융,KOSPI,은행,597294,42.4,O,,,2026 흐름: 1년 +42% · 순이익 5.8조 원 → 6.7조 원(다음 해 예상)
158,032830,삼성생명,KOSPI,생명보험,576000,85.6,O,,,2026 흐름: 1년 +86% · 순이익 2.5조 원 → 3.4조 원(다음 해 예상)
159,028260,삼성물산,KOSPI,복합기업,562722,79.8,O,,,2026 흐름: 1년 +80% · 영업이익 3.3조 원 → 3.8조 원(다음 해 예상)
160,012450,한화에어로스페이스,KOSPI,우주항공과국방,551213,3.8,,O,우주항공·방산,2027 흐름: 우주항공·방산 업종 · 영업이익 3.1조 원 → 4.6조 원(다음 해 예상)
161,055550,신한지주,KOSPI,은행,497148,51.9,O,,,2026 흐름: 1년 +52% · 순이익 5.1조 원 → 6.0조 원(다음 해 예상)
162,329180,HD현대중공업,KOSPI,조선,447135,-15.8,,O,조선,2027 흐름: 조선 업종 · 영업이익 2.0조 원 → 4.1조 원(다음 해 예상)
163,068270,셀트리온,KOSPI,제약,424759,13.8,,O,첨단바이오,2027 흐름: 첨단바이오 업종 · 영업이익 1.2조 원 → 1.9조 원(다음 해 예상)
164,086790,하나금융지주,KOSPI,은행,351177,44.0,O,,,2026 흐름: 1년 +44% · 순이익 4.0조 원 → 4.5조 원(다음 해 예상)
165,012330,현대모비스,KOSPI,자동차부품,346258,23.9,O,,,2026 흐름: 1년 +24% · 영업이익 3.4조 원 → 3.8조 원(다음 해 예상)
166,000810,삼성화재,KOSPI,손해보험,280833,40.1,O,,,2026 흐름: 1년 +40% · 순이익 2.0조 원 → 2.4조 원(다음 해 예상)
167,316140,우리금융지주,KOSPI,은행,248665,28.8,O,,,2026 흐름: 1년 +29% · 순이익 3.2조 원 → 3.3조 원(다음 해 예상)
168,267260,HD현대일렉트릭,KOSPI,전기장비,244400,15.3,,O,AI 데이터센터 전력,"2027 흐름: AI 데이터센터 전력 업종 · 영업이익 9,953억 원 → 1.2조 원(다음 해 예상)"
169,042660,한화오션,KOSPI,조선,241147,-30.3,,O,조선,2027 흐름: 조선 업종 · 영업이익 1.2조 원 → 2.3조 원(다음 해 예상)
170,009540,HD한국조선해양,KOSPI,조선,231074,-21.5,,O,조선,2027 흐름: 조선 업종 · 영업이익 3.9조 원 → 6.2조 원(다음 해 예상)
171,000150,두산,KOSPI,복합기업,216674,117.9,O,,,2026 흐름: 1년 +118% · 영업이익 1.1조 원 → 1.8조 원(다음 해 예상)
172,017670,SK텔레콤,KOSPI,무선통신서비스,190304,59.9,O,,,2026 흐름: 1년 +60% · 영업이익 1.1조 원 → 2.0조 원(다음 해 예상)
173,033780,KT&G,KOSPI,담배,183537,29.2,O,,,2026 흐름: 1년 +29% · 영업이익 1.3조 원 → 1.5조 원(다음 해 예상)
174,196170,알테오젠,KOSDAQ,생물공학,180755,-28.7,,O,첨단바이오,"2027 흐름: 첨단바이오 업종 · 영업이익 1,069억 원 → 3,127억 원(다음 해 예상)"
175,010140,삼성중공업,KOSPI,조선,175296,-7.6,,O,조선,"2027 흐름: 조선 업종 · 영업이익 8,622억 원 → 1.4조 원(다음 해 예상)"
176,006800,미래에셋증권,KOSPI,증권,171595,44.3,O,,,2026 흐름: 1년 +44% · 순이익 1.6조 원 → 3.5조 원(다음 해 예상)
177,003550,LG,KOSPI,복합기업,168428,48.1,O,,,"2026 흐름: 1년 +48% · 영업이익 9,122억 원 → 1.6조 원(다음 해 예상)"
178,003670,포스코퓨처엠,KOSPI,화학,166152,39.9,O,,,2026 흐름: 1년 +40% · 영업이익 328억 원 → 969억 원(다음 해 예상)
179,047810,한국항공우주,KOSPI,우주항공과국방,129934,15.9,,O,우주항공·방산,"2027 흐름: 우주항공·방산 업종 · 영업이익 2,692억 원 → 3,429억 원(다음 해 예상)"
180,000720,현대건설,KOSPI,건설,127725,98.1,O,,,"2026 흐름: 1년 +98% · 영업이익 6,530억 원 → 8,648억 원(다음 해 예상)"
181,064350,현대로템,KOSPI,우주항공과국방,126387,-45.2,,O,우주항공·방산,2027 흐름: 우주항공·방산 업종 · 영업이익 1.0조 원 → 1.1조 원(다음 해 예상)
182,005830,DB손해보험,KOSPI,손해보험,119538,28.9,O,,,2026 흐름: 1년 +29% · 순이익 1.8조 원 → 2.1조 원(다음 해 예상)
183,443060,HD현대마린솔루션,KOSPI,조선,105134,11.1,,O,조선,"2027 흐름: 조선 업종 · 영업이익 3,501억 원 → 4,143억 원(다음 해 예상)"
184,005940,NH투자증권,KOSPI,증권,99132,31.0,O,,,2026 흐름: 1년 +31% · 순이익 1.0조 원 → 1.7조 원(다음 해 예상)
185,028050,삼성E&A,KOSPI,건설,93786,70.6,O,,,"2026 흐름: 1년 +71% · 영업이익 7,921억 원 → 9,796억 원(다음 해 예상)"
186,259960,크래프톤,KOSPI,게임엔터테인먼트,91603,-37.6,,O,K-뷰티·K-컬처,2027 흐름: K-뷰티·K-컬처 업종 · 영업이익 1.1조 원 → 1.4조 원(다음 해 예상)
187,016360,삼성증권,KOSPI,증권,80638,21.2,O,,,2026 흐름: 1년 +21% · 순이익 1.0조 원 → 1.7조 원(다음 해 예상)
188,090430,아모레퍼시픽,KOSPI,화장품,77503,7.0,,O,K-뷰티·K-컬처,"2027 흐름: K-뷰티·K-컬처 업종 · 영업이익 3,358억 원 → 4,862억 원(다음 해 예상)"
189,161390,한국타이어앤테크놀로지,KOSPI,자동차부품,74325,56.5,O,,,2026 흐름: 1년 +56% · 영업이익 1.8조 원 → 2.2조 원(다음 해 예상)
190,064400,LG씨엔에스,KOSPI,IT서비스,69758,3.5,,O,피지컬 AI·로봇·AI 전환,"2027 흐름: 피지컬 AI·로봇·AI 전환 업종 · 영업이익 5,518억 원 → 5,830억 원(다음 해 예상)"
191,326030,SK바이오팜,KOSPI,제약,59831,-28.9,,O,첨단바이오,"2027 흐름: 첨단바이오 업종 · 영업이익 2,039억 원 → 3,507억 원(다음 해 예상)"
192,000100,유한양행,KOSPI,제약,54623,-36.1,,O,첨단바이오,"2027 흐름: 첨단바이오 업종 · 영업이익 1,044억 원 → 1,289억 원(다음 해 예상)"
193,377300,카카오페이,KOSPI,IT서비스,54323,-25.9,,O,피지컬 AI·로봇·AI 전환,"2027 흐름: 피지컬 AI·로봇·AI 전환 업종 · 영업이익 504억 원 → 1,701억 원(다음 해 예상)"
194,175330,JB금융지주,KOSPI,은행,54091,20.1,O,,,"2026 흐름: 1년 +20% · 순이익 7,300억 원 → 7,708억 원(다음 해 예상)"
195,241560,두산밥캣,KOSPI,기계,53200,2.4,,O,피지컬 AI·로봇·AI 전환,"2027 흐름: 피지컬 AI·로봇·AI 전환 업종 · 영업이익 6,861억 원 → 8,527억 원(다음 해 예상)"
196,036570,NC,KOSPI,게임엔터테인먼트,52675,1.9,,O,K-뷰티·K-컬처,"2027 흐름: K-뷰티·K-컬처 업종 · 영업이익 161억 원 → 5,292억 원(다음 해 예상)"
197,000250,삼천당제약,KOSDAQ,제약,49261,-3.2,,O,첨단바이오,2027 흐름: 첨단바이오 업종 · 영업이익 26억 원 → 85억 원(지난 두 해)
198,052690,한전기술,KOSPI,전기유틸리티,48425,43.5,O,,,2026 흐름: 1년 +43% · 영업이익 355억 원 → 629억 원(다음 해 예상)
199,001450,현대해상,KOSPI,손해보험,40621,66.6,O,,,2026 흐름: 1년 +67% · 순이익 1.0조 원 → 1.1조 원(다음 해 예상)
200,082740,한화엔진,KOSPI,조선,40555,11.1,,O,조선,"2027 흐름: 조선 업종 · 영업이익 1,301억 원 → 2,259억 원(다음 해 예상)"
201,028670,팬오션,KOSPI,해운사,33411,52.1,O,,,"2026 흐름: 1년 +52% · 영업이익 4,919억 원 → 6,872억 원(다음 해 예상)"
202,214450,파마리서치,KOSDAQ,건강관리장비와용품,31896,-50.4,,O,첨단바이오,"2027 흐름: 첨단바이오 업종 · 영업이익 2,144억 원 → 2,727억 원(다음 해 예상)"
203,004170,신세계,KOSPI,백화점과일반상점,31358,73.6,O,,,"2026 흐름: 1년 +74% · 영업이익 4,800억 원 → 7,915억 원(다음 해 예상)"
204,014680,한솔케미칼,KOSPI,화학,29953,40.5,O,,,"2026 흐름: 1년 +41% · 영업이익 1,562억 원 → 1,805억 원(다음 해 예상)"
205,139130,iM금융지주,KOSPI,은행,29582,30.7,O,,,"2026 흐름: 1년 +31% · 순이익 4,575억 원 → 4,919억 원(다음 해 예상)"
206,007340,DN오토모티브,KOSPI,자동차부품,29548,104.0,O,,,"2026 흐름: 1년 +104% · 영업이익 5,279억 원 → 6,950억 원(다음 해 예상)"
207,375500,DL이앤씨,KOSPI,건설,29291,76.5,O,,,"2026 흐름: 1년 +76% · 영업이익 3,870억 원 → 5,756억 원(다음 해 예상)"
208,023530,롯데쇼핑,KOSPI,백화점과일반상점,28798,42.4,O,,,"2026 흐름: 1년 +42% · 영업이익 5,470억 원 → 7,951억 원(다음 해 예상)"
209,017800,현대엘리베이터,KOSPI,기계,28577,-6.3,,O,피지컬 AI·로봇·AI 전환,"2027 흐름: 피지컬 AI·로봇·AI 전환 업종 · 영업이익 2,092억 원 → 2,140억 원(다음 해 예상)"
210,004800,효성,KOSPI,복합기업,26450,72.7,O,,,"2026 흐름: 1년 +73% · 영업이익 3,930억 원 → 5,440억 원(다음 해 예상)"
211,489790,한화비전,KOSPI,통신장비,25951,-16.4,,O,통신장비·양자,"2027 흐름: 통신장비·양자 업종 · 영업이익 1,623억 원 → 2,034억 원(다음 해 예상)"
212,003690,코리안리,KOSPI,손해보험,25448,33.0,O,,,"2026 흐름: 1년 +33% · 순이익 3,167억 원 → 3,220억 원(지난 두 해)"
213,457190,이수스페셜티케미컬,KOSPI,화학,24749,76.5,O,,,2026 흐름: 1년 +77% · 영업이익 16억 원 → 267억 원(다음 해 예상)
214,005850,에스엘,KOSPI,자동차부품,24385,48.1,O,,,"2026 흐름: 1년 +48% · 영업이익 4,071억 원 → 4,493억 원(다음 해 예상)"
215,005440,현대지에프홀딩스,KOSPI,복합기업,23273,46.0,O,,,"2026 흐름: 1년 +46% · 영업이익 2,741억 원 → 3,435억 원(다음 해 예상)"
216,483650,달바글로벌,KOSPI,화장품,22975,8.8,,O,K-뷰티·K-컬처,"2027 흐름: K-뷰티·K-컬처 업종 · 영업이익 1,015억 원 → 1,653억 원(다음 해 예상)"
217,145020,휴젤,KOSDAQ,생물공학,22577,-41.0,,O,첨단바이오,"2027 흐름: 첨단바이오 업종 · 영업이익 2,009억 원 → 2,023억 원(다음 해 예상)"
218,204320,HL만도,KOSPI,자동차부품,22211,34.8,O,,,"2026 흐름: 1년 +35% · 영업이익 3,571억 원 → 4,123억 원(다음 해 예상)"
219,140860,파크시스템스,KOSDAQ,전자장비와기기,20937,17.9,,O,AI·반도체,2027 흐름: AI·반도체 업종 · 영업이익 422억 원 → 501억 원(다음 해 예상)
220,214150,클래시스,KOSDAQ,건강관리장비와용품,20125,-43.6,,O,첨단바이오,"2027 흐름: 첨단바이오 업종 · 영업이익 1,706억 원 → 1,912억 원(다음 해 예상)"
221,073240,금호타이어,KOSPI,자동차부품,19792,40.0,O,,,"2026 흐름: 1년 +40% · 영업이익 5,759억 원 → 6,245억 원(다음 해 예상)"
222,237690,에스티팜,KOSDAQ,제약,19478,1.9,,O,첨단바이오,2027 흐름: 첨단바이오 업종 · 영업이익 549억 원 → 753억 원(다음 해 예상)
223,002790,아모레퍼시픽홀딩스,KOSPI,화장품,19344,-8.2,,O,K-뷰티·K-컬처,"2027 흐름: K-뷰티·K-컬처 업종 · 영업이익 2,493억 원 → 3,680억 원(지난 두 해)"
224,007070,GS리테일,KOSPI,백화점과일반상점,18561,34.7,O,,,"2026 흐름: 1년 +35% · 영업이익 2,921억 원 → 3,618억 원(다음 해 예상)"
225,041510,에스엠,KOSDAQ,방송과엔터테인먼트,18041,-45.1,,O,K-뷰티·K-컬처,"2027 흐름: K-뷰티·K-컬처 업종 · 영업이익 1,830억 원 → 1,877억 원(다음 해 예상)"
226,060370,LS마린솔루션,KOSDAQ,건설,17709,41.8,O,,,2026 흐름: 1년 +42% · 영업이익 70억 원 → 167억 원(다음 해 예상)
227,093370,후성,KOSPI,화학,17590,164.9,O,,,2026 흐름: 1년 +165% · 영업이익 254억 원 → 765억 원(다음 해 예상)
228,439260,대한조선,KOSPI,조선,17540,-43.4,,O,조선,"2027 흐름: 조선 업종 · 영업이익 2,941억 원 → 3,642억 원(다음 해 예상)"
229,068760,셀트리온제약,KOSDAQ,제약,17095,-26.6,,O,첨단바이오,2027 흐름: 첨단바이오 업종 · 영업이익 561억 원 → 700억 원(다음 해 예상)
230,001120,LX인터내셔널,KOSPI,무역회사와판매업체,16996,37.2,O,,,"2026 흐름: 1년 +37% · 영업이익 2,922억 원 → 4,712억 원(다음 해 예상)"
231,120110,코오롱인더,KOSPI,화학,16890,47.4,O,,,"2026 흐름: 1년 +47% · 영업이익 1,089억 원 → 2,781억 원(다음 해 예상)"
232,001430,세아베스틸지주,KOSPI,철강,16819,77.3,O,,,"2026 흐름: 1년 +77% · 영업이익 984억 원 → 1,678억 원(다음 해 예상)"
233,071970,HD현대마린엔진,KOSPI,조선,16638,-44.7,,O,조선,"2027 흐름: 조선 업종 · 영업이익 759억 원 → 1,536억 원(다음 해 예상)"
234,001740,SK네트웍스,KOSPI,복합기업,13079,42.0,O,,,"2026 흐름: 1년 +42% · 영업이익 863억 원 → 1,078억 원(다음 해 예상)"
235,003380,하림지주,KOSDAQ,식품,12668,37.3,O,,,"2026 흐름: 1년 +37% · 영업이익 7,655억 원 → 8,874억 원(지난 두 해)"
236,069620,대웅제약,KOSPI,제약,12664,-22.0,,O,첨단바이오,"2027 흐름: 첨단바이오 업종 · 영업이익 1,968억 원 → 2,311억 원(다음 해 예상)"
237,192080,더블유게임즈,KOSPI,게임엔터테인먼트,12238,5.9,,O,K-뷰티·K-컬처,"2027 흐름: K-뷰티·K-컬처 업종 · 영업이익 2,321억 원 → 2,826억 원(다음 해 예상)"
238,298020,효성티앤씨,KOSPI,무역회사와판매업체,11879,25.6,O,,,"2026 흐름: 1년 +26% · 영업이익 2,515억 원 → 5,427억 원(다음 해 예상)"
239,195940,HK이노엔,KOSDAQ,제약,11417,-13.2,,O,첨단바이오,"2027 흐름: 첨단바이오 업종 · 영업이익 1,109억 원 → 1,307억 원(다음 해 예상)"
240,101490,에스앤에스텍,KOSDAQ,반도체와반도체장비,11414,1.3,,O,AI·반도체,2027 흐름: AI·반도체 업종 · 영업이익 295억 원 → 504억 원(지난 두 해)
241,017960,한국카본,KOSPI,조선,10671,-38.4,,O,조선,"2027 흐름: 조선 업종 · 영업이익 1,310억 원 → 1,832억 원(다음 해 예상)"
242,086450,동국제약,KOSDAQ,제약,10358,16.3,,O,첨단바이오,"2027 흐름: 첨단바이오 업종 · 영업이익 966억 원 → 1,101억 원(다음 해 예상)"
243,100790,미래에셋벤처투자,KOSDAQ,창업투자,9588,141.3,O,,,2026 흐름: 1년 +141% · 순이익 86억 원 → 309억 원(지난 두 해)
244,077970,STX엔진,KOSPI,조선,9134,-48.3,,O,조선,"2027 흐름: 조선 업종 · 영업이익 696억 원 → 1,004억 원(다음 해 예상)"
245,295310,에이치브이엠,KOSDAQ,비철금속,8662,172.3,O,,,2026 흐름: 1년 +172% · 영업이익 58억 원 → 166억 원(다음 해 예상)
246,014620,성광벤드,KOSDAQ,기계,8140,-6.3,,O,피지컬 AI·로봇·AI 전환,2027 흐름: 피지컬 AI·로봇·AI 전환 업종 · 영업이익 420억 원 → 488억 원(다음 해 예상)
247,248070,솔루엠,KOSPI,전자장비와기기,7990,-12.0,,O,AI·반도체,2027 흐름: AI·반도체 업종 · 영업이익 465억 원 → 750억 원(다음 해 예상)
248,044490,태웅,KOSDAQ,에너지장비및서비스,7613,16.7,,O,에너지·자원안보,2027 흐름: 에너지·자원안보 업종 · 영업이익 50억 원 → 272억 원(다음 해 예상)
249,122870,와이지엔터테인먼트,KOSDAQ,방송과엔터테인먼트,7607,-58.4,,O,K-뷰티·K-컬처,2027 흐름: K-뷰티·K-컬처 업종 · 영업이익 713억 원 → 761억 원(다음 해 예상)
250,121600,나노신소재,KOSDAQ,화학,7284,21.0,O,,,2026 흐름: 1년 +21% · 영업이익 47억 원 → 183억 원(다음 해 예상)
251,023160,태광,KOSDAQ,기계,7269,3.9,,O,피지컬 AI·로봇·AI 전환,2027 흐름: 피지컬 AI·로봇·AI 전환 업종 · 영업이익 387억 원 → 453억 원(다음 해 예상)
252,093050,LF,KOSPI,"섬유,의류,신발,호화품",7076,32.0,O,,,"2026 흐름: 1년 +32% · 영업이익 1,261억 원 → 1,681억 원(지난 두 해)"
253,090460,비에이치,KOSPI,전자장비와기기,7029,17.9,,O,AI·반도체,2027 흐름: AI·반도체 업종 · 영업이익 540억 원 → 925억 원(다음 해 예상)
254,102710,이엔에프테크놀로지,KOSDAQ,반도체와반도체장비,6944,-2.3,,O,AI·반도체,2027 흐름: AI·반도체 업종 · 영업이익 781억 원 → 970억 원(다음 해 예상)
255,000400,롯데손해보험,KOSPI,손해보험,6920,28.2,O,,,2026 흐름: 1년 +28% · 순이익 242억 원 → 513억 원(지난 두 해)
256,002960,한국쉘석유,KOSPI,화학,6721,24.4,O,,,2026 흐름: 1년 +24% · 영업이익 460억 원 → 528억 원(지난 두 해)
257,000640,동아쏘시오홀딩스,KOSPI,제약,6362,-11.9,,O,첨단바이오,"2027 흐름: 첨단바이오 업종 · 영업이익 978억 원 → 1,104억 원(다음 해 예상)"
258,192650,드림텍,KOSPI,핸드셋,6193,42.9,O,,,2026 흐름: 1년 +43% · 영업이익 236억 원 → 314억 원(지난 두 해)
259,253450,스튜디오드래곤,KOSDAQ,방송과엔터테인먼트,6192,-55.7,,O,K-뷰티·K-컬처,2027 흐름: K-뷰티·K-컬처 업종 · 영업이익 304억 원 → 475억 원(다음 해 예상)
260,453340,현대그린푸드,KOSPI,식품,6137,20.5,O,,,"2026 흐름: 1년 +21% · 영업이익 1,068억 원 → 1,373억 원(다음 해 예상)"
261,214430,아이쓰리시스템,KOSDAQ,우주항공과국방,5692,-12.5,,O,우주항공·방산,2027 흐름: 우주항공·방산 업종 · 영업이익 165억 원 → 204억 원(다음 해 예상)
262,075580,세진중공업,KOSPI,조선,5691,-58.6,,O,조선,2027 흐름: 조선 업종 · 영업이익 734억 원 → 827억 원(다음 해 예상)
263,060250,NHN KCP,KOSDAQ,IT서비스,5566,2.3,,O,피지컬 AI·로봇·AI 전환,2027 흐름: 피지컬 AI·로봇·AI 전환 업종 · 영업이익 547억 원 → 604억 원(다음 해 예상)
264,052400,코나아이,KOSDAQ,IT서비스,5505,-23.8,,O,피지컬 AI·로봇·AI 전환,"2027 흐름: 피지컬 AI·로봇·AI 전환 업종 · 영업이익 889억 원 → 1,098억 원(다음 해 예상)"
265,001510,SK증권,KOSPI,증권,5459,71.6,O,,,2026 흐름: 1년 +72% · 순이익 −833억 원 → 287억 원(지난 두 해)
266,104830,원익머트리얼즈,KOSDAQ,화학,5251,56.0,O,,,2026 흐름: 1년 +56% · 영업이익 565억 원 → 679억 원(다음 해 예상)
267,484870,엠앤씨솔루션,KOSPI,우주항공과국방,5086,-74.2,,O,우주항공·방산,2027 흐름: 우주항공·방산 업종 · 영업이익 561억 원 → 571억 원(다음 해 예상)
268,452260,한화갤러리아,KOSPI,백화점과일반상점,5021,126.8,O,,,2026 흐름: 1년 +127% · 영업이익 34억 원 → 94억 원(지난 두 해)
269,042000,카페24,KOSDAQ,IT서비스,4957,-48.4,,O,피지컬 AI·로봇·AI 전환,2027 흐름: 피지컬 AI·로봇·AI 전환 업종 · 영업이익 319억 원 → 402억 원(지난 두 해)
270,086900,메디톡스,KOSDAQ,생물공학,4883,-45.7,,O,첨단바이오,2027 흐름: 첨단바이오 업종 · 영업이익 170억 원 → 294억 원(다음 해 예상)
271,019170,신풍제약,KOSPI,제약,4880,-28.9,,O,첨단바이오,2027 흐름: 첨단바이오 업종 · 영업이익 −205억 원 → 143억 원(지난 두 해)
272,125490,한라캐스트,KOSDAQ,자동차부품,4815,73.3,O,,,2026 흐름: 1년 +73% · 영업이익 103억 원 → 143억 원(다음 해 예상)
273,290550,디케이티,KOSDAQ,핸드셋,4780,168.5,O,,,2026 흐름: 1년 +169% · 영업이익 216억 원 → 345억 원(다음 해 예상)
274,089010,켐트로닉스,KOSDAQ,전자장비와기기,4746,-11.4,,O,AI·반도체,2027 흐름: AI·반도체 업종 · 영업이익 232억 원 → 440억 원(다음 해 예상)
275,020000,한섬,KOSPI,"섬유,의류,신발,호화품",4736,41.0,O,,,2026 흐름: 1년 +41% · 영업이익 522억 원 → 920억 원(다음 해 예상)
276,460930,현대힘스,KOSDAQ,조선,4648,-52.6,,O,조선,2027 흐름: 조선 업종 · 영업이익 215억 원 → 288억 원(지난 두 해)
277,249420,일동제약,KOSPI,제약,4597,-46.0,,O,첨단바이오,2027 흐름: 첨단바이오 업종 · 영업이익 131억 원 → 195억 원(지난 두 해)
278,078340,컴투스,KOSDAQ,게임엔터테인먼트,4546,-8.0,,O,K-뷰티·K-컬처,2027 흐름: K-뷰티·K-컬처 업종 · 영업이익 26억 원 → 501억 원(다음 해 예상)
279,340570,티앤엘,KOSDAQ,건강관리장비와용품,4435,4.3,,O,첨단바이오,2027 흐름: 첨단바이오 업종 · 영업이익 464억 원 → 719억 원(다음 해 예상)
280,034310,NICE,KOSPI,IT서비스,4367,-16.1,,O,피지컬 AI·로봇·AI 전환,"2027 흐름: 피지컬 AI·로봇·AI 전환 업종 · 영업이익 1,743억 원 → 1,981억 원(지난 두 해)"
281,013030,하이록코리아,KOSDAQ,기계,4278,4.2,,O,피지컬 AI·로봇·AI 전환,2027 흐름: 피지컬 AI·로봇·AI 전환 업종 · 영업이익 501억 원 → 589억 원(지난 두 해)
282,332570,PS일렉트로닉스,KOSDAQ,핸드셋,4263,60.8,O,,,2026 흐름: 1년 +61% · 영업이익 39억 원 → 308억 원(다음 해 예상)
283,030520,한컴,KOSDAQ,소프트웨어,4159,-34.1,,O,피지컬 AI·로봇·AI 전환,2027 흐름: 피지컬 AI·로봇·AI 전환 업종 · 영업이익 364억 원 → 493억 원(다음 해 예상)
284,003000,부광약품,KOSPI,제약,4065,8.7,,O,첨단바이오,2027 흐름: 첨단바이오 업종 · 영업이익 16억 원 → 142억 원(지난 두 해)
285,200710,에이디테크놀로지,KOSDAQ,반도체와반도체장비,3998,12.1,,O,AI·반도체,2027 흐름: AI·반도체 업종 · 영업이익 29억 원 → 95억 원(다음 해 예상)
286,052710,아모텍,KOSDAQ,핸드셋,3923,82.0,O,,,2026 흐름: 1년 +82% · 영업이익 55억 원 → 90억 원(다음 해 예상)
287,317400,자이에스앤디,KOSPI,건설,3874,190.4,O,,,2026 흐름: 1년 +190% · 영업이익 125억 원 → 550억 원(다음 해 예상)
288,036800,나이스정보통신,KOSDAQ,상업서비스와공급품,3858,85.6,O,,,2026 흐름: 1년 +86% · 영업이익 553억 원 → 759억 원(다음 해 예상)
289,060280,큐렉소,KOSDAQ,건강관리장비와용품,3623,1.3,,O,첨단바이오,2027 흐름: 첨단바이오 업종 · 영업이익 24억 원 → 31억 원(다음 해 예상)
290,078020,LS증권,KOSDAQ,증권,3617,20.7,O,,,2026 흐름: 1년 +21% · 순이익 166억 원 → 230억 원(지난 두 해)
291,036200,유니셈,KOSDAQ,반도체와반도체장비,3342,13.0,,O,AI·반도체,2027 흐름: AI·반도체 업종 · 영업이익 109억 원 → 280억 원(다음 해 예상)
292,145720,덴티움,KOSPI,건강관리장비와용품,3333,-33.9,,O,첨단바이오,2027 흐름: 첨단바이오 업종 · 영업이익 641억 원 → 713억 원(다음 해 예상)
293,009290,광동제약,KOSPI,제약,3277,8.8,,O,첨단바이오,2027 흐름: 첨단바이오 업종 · 영업이익 301억 원 → 310억 원(지난 두 해)
294,017890,한국알콜,KOSDAQ,화학,3264,71.1,O,,,2026 흐름: 1년 +71% · 영업이익 274억 원 → 318억 원(지난 두 해)
295,024720,콜마홀딩스,KOSPI,화장품,3186,-29.2,,O,K-뷰티·K-컬처,2027 흐름: K-뷰티·K-컬처 업종 · 영업이익 381억 원 → 477억 원(지난 두 해)
296,206650,유바이오로직스,KOSDAQ,생물공학,3135,-38.8,,O,첨단바이오,2027 흐름: 첨단바이오 업종 · 영업이익 343억 원 → 607억 원(지난 두 해)
297,484590,삼양컴텍,KOSDAQ,우주항공과국방,3107,-63.3,,O,우주항공·방산,2027 흐름: 우주항공·방산 업종 · 영업이익 266억 원 → 288억 원(다음 해 예상)
298,005430,한국공항,KOSPI,운송인프라,3094,37.0,O,,,2026 흐름: 1년 +37% · 영업이익 470억 원 → 635억 원(다음 해 예상)
299,020120,키다리스튜디오,KOSPI,양방향미디어와서비스,3050,97.4,O,,,2026 흐름: 1년 +97% · 영업이익 22억 원 → 124억 원(지난 두 해)
300,054950,제이브이엠,KOSDAQ,건강관리장비와용품,2944,-25.0,,O,첨단바이오,2027 흐름: 첨단바이오 업종 · 영업이익 333억 원 → 390억 원(다음 해 예상)
301,200670,휴메딕스,KOSDAQ,제약,2903,-61.0,,O,첨단바이오,2027 흐름: 첨단바이오 업종 · 영업이익 423억 원 → 463억 원(다음 해 예상)
302,092460,한라IMS,KOSDAQ,조선,2880,3.6,,O,조선,2027 흐름: 조선 업종 · 영업이익 160억 원 → 223억 원(지난 두 해)
303,294570,쿠콘,KOSDAQ,IT서비스,2765,-24.7,,O,피지컬 AI·로봇·AI 전환,2027 흐름: 피지컬 AI·로봇·AI 전환 업종 · 영업이익 189억 원 → 200억 원(다음 해 예상)
304,058430,포스코스틸리온,KOSPI,비철금속,2760,22.0,O,,,2026 흐름: 1년 +22% · 영업이익 245억 원 → 285억 원(다음 해 예상)
305,244920,에이플러스에셋,KOSPI,손해보험,2758,70.9,O,,,2026 흐름: 1년 +71% · 순이익 101억 원 → 247억 원(지난 두 해)
306,078520,에이블씨엔씨,KOSPI,화장품,2743,-7.4,,O,K-뷰티·K-컬처,2027 흐름: K-뷰티·K-컬처 업종 · 영업이익 180억 원 → 344억 원(다음 해 예상)
307,254490,미래반도체,KOSDAQ,반도체와반도체장비,2726,9.6,,O,AI·반도체,2027 흐름: AI·반도체 업종 · 영업이익 102억 원 → 191억 원(지난 두 해)
308,035600,KG이니시스,KOSDAQ,IT서비스,2698,-4.4,,O,피지컬 AI·로봇·AI 전환,"2027 흐름: 피지컬 AI·로봇·AI 전환 업종 · 영업이익 986억 원 → 1,029억 원(다음 해 예상)"
309,002900,TYM,KOSPI,기계,2666,8.8,,O,피지컬 AI·로봇·AI 전환,2027 흐름: 피지컬 AI·로봇·AI 전환 업종 · 영업이익 641억 원 → 833억 원(다음 해 예상)
310,043150,바텍,KOSDAQ,건강관리장비와용품,2654,-23.1,,O,첨단바이오,2027 흐름: 첨단바이오 업종 · 영업이익 548억 원 → 615억 원(다음 해 예상)
311,089980,상아프론테크,KOSDAQ,전자장비와기기,2638,-9.1,,O,AI·반도체,2027 흐름: AI·반도체 업종 · 영업이익 67억 원 → 112억 원(다음 해 예상)
312,098070,한텍,KOSDAQ,에너지장비및서비스,2602,-52.7,,O,에너지·자원안보,2027 흐름: 에너지·자원안보 업종 · 영업이익 382억 원 → 385억 원(다음 해 예상)
313,068930,디지털대성,KOSDAQ,교육서비스,2585,25.7,O,,,2026 흐름: 1년 +26% · 영업이익 316억 원 → 446억 원(다음 해 예상)
314,439090,마녀공장,KOSDAQ,화장품,2582,-5.3,,O,K-뷰티·K-컬처,2027 흐름: K-뷰티·K-컬처 업종 · 영업이익 105억 원 → 131억 원(다음 해 예상)
315,011560,세보엠이씨,KOSDAQ,건설,2486,96.9,O,,,2026 흐름: 1년 +97% · 영업이익 404억 원 → 559억 원(다음 해 예상)
316,416180,신성에스티,KOSDAQ,전기제품,2396,-28.5,,O,이차전지·전기차,2027 흐름: 이차전지·전기차 업종 · 영업이익 23억 원 → 90억 원(다음 해 예상)
317,389260,대명에너지,KOSDAQ,에너지장비및서비스,2392,-43.8,,O,에너지·자원안보,2027 흐름: 에너지·자원안보 업종 · 영업이익 168억 원 → 339억 원(다음 해 예상)
318,085910,네오티스,KOSDAQ,자동차부품,2367,443.9,O,,,2026 흐름: 1년 +444% · 영업이익 78억 원 → 181억 원(다음 해 예상)
319,298830,슈어소프트테크,KOSDAQ,소프트웨어,2363,-9.8,,O,피지컬 AI·로봇·AI 전환,2027 흐름: 피지컬 AI·로봇·AI 전환 업종 · 영업이익 79억 원 → 126억 원(지난 두 해)
320,008490,서흥,KOSPI,제약,2349,-24.4,,O,첨단바이오,2027 흐름: 첨단바이오 업종 · 영업이익 338억 원 → 502억 원(지난 두 해)
321,226320,잇츠한불,KOSPI,화장품,2349,-14.5,,O,K-뷰티·K-컬처,2027 흐름: K-뷰티·K-컬처 업종 · 영업이익 179억 원 → 192억 원(지난 두 해)
322,243070,휴온스,KOSDAQ,제약,2323,-38.0,,O,첨단바이오,2027 흐름: 첨단바이오 업종 · 영업이익 397억 원 → 456억 원(지난 두 해)
323,028100,동아지질,KOSPI,건설,2229,26.2,O,,,2026 흐름: 1년 +26% · 영업이익 96억 원 → 181억 원(지난 두 해)
324,064550,바이오니아,KOSDAQ,생물공학,2215,-40.8,,O,첨단바이오,2027 흐름: 첨단바이오 업종 · 영업이익 −134억 원 → 152억 원(지난 두 해)
325,003720,삼영,KOSPI,화학,2200,25.6,O,,,2026 흐름: 1년 +26% · 영업이익 149억 원 → 268억 원(다음 해 예상)
326,237880,클리오,KOSDAQ,화장품,2179,-14.9,,O,K-뷰티·K-컬처,2027 흐름: K-뷰티·K-컬처 업종 · 영업이익 164억 원 → 294억 원(다음 해 예상)
327,035510,신세계 I&C,KOSPI,IT서비스,2160,2.8,,O,피지컬 AI·로봇·AI 전환,2027 흐름: 피지컬 AI·로봇·AI 전환 업종 · 영업이익 370억 원 → 491억 원(지난 두 해)
328,206640,바디텍메드,KOSDAQ,생명과학도구및서비스,2134,-32.2,,O,첨단바이오,2027 흐름: 첨단바이오 업종 · 영업이익 262억 원 → 289억 원(지난 두 해)
329,462860,더즌,KOSDAQ,IT서비스,2124,-34.0,,O,피지컬 AI·로봇·AI 전환,2027 흐름: 피지컬 AI·로봇·AI 전환 업종 · 영업이익 100억 원 → 136억 원(지난 두 해)
330,340450,지씨지놈,KOSDAQ,생명과학도구및서비스,2114,10.2,,O,첨단바이오,2027 흐름: 첨단바이오 업종 · 영업이익 12억 원 → 33억 원(다음 해 예상)
331,053300,한국정보인증,KOSDAQ,IT서비스,2085,-25.9,,O,피지컬 AI·로봇·AI 전환,2027 흐름: 피지컬 AI·로봇·AI 전환 업종 · 영업이익 189억 원 → 271억 원(지난 두 해)
332,176750,듀켐바이오,KOSDAQ,제약,2071,-28.0,,O,첨단바이오,2027 흐름: 첨단바이오 업종 · 영업이익 51억 원 → 74억 원(지난 두 해)
333,405100,큐알티,KOSDAQ,반도체와반도체장비,2033,11.0,,O,AI·반도체,2027 흐름: AI·반도체 업종 · 영업이익 48억 원 → 122억 원(다음 해 예상)
334,037270,YG PLUS,KOSPI,방송과엔터테인먼트,1974,-63.6,,O,K-뷰티·K-컬처,2027 흐름: K-뷰티·K-컬처 업종 · 영업이익 −7억 원 → 323억 원(지난 두 해)
335,234690,녹십자웰빙,KOSDAQ,제약,1965,9.2,,O,첨단바이오,2027 흐름: 첨단바이오 업종 · 영업이익 173억 원 → 201억 원(다음 해 예상)
336,119610,인터로조,KOSDAQ,건강관리장비와용품,1948,-11.0,,O,첨단바이오,2027 흐름: 첨단바이오 업종 · 영업이익 195억 원 → 288억 원(다음 해 예상)
337,263860,지니언스,KOSDAQ,소프트웨어,1929,0.5,,O,피지컬 AI·로봇·AI 전환,2027 흐름: 피지컬 AI·로봇·AI 전환 업종 · 영업이익 70억 원 → 115억 원(다음 해 예상)
338,102940,코오롱생명과학,KOSDAQ,제약,1918,-56.4,,O,첨단바이오,2027 흐름: 첨단바이오 업종 · 영업이익 −221억 원 → 176억 원(지난 두 해)
339,388050,지투파워,KOSDAQ,전기장비,1912,18.8,,O,AI 데이터센터 전력,2027 흐름: AI 데이터센터 전력 업종 · 영업이익 88억 원 → 133억 원(다음 해 예상)
340,163730,핑거,KOSDAQ,IT서비스,1902,11.5,,O,피지컬 AI·로봇·AI 전환,2027 흐름: 피지컬 AI·로봇·AI 전환 업종 · 영업이익 15억 원 → 78억 원(다음 해 예상)
341,016580,환인제약,KOSPI,제약,1893,-7.0,,O,첨단바이오,2027 흐름: 첨단바이오 업종 · 영업이익 130억 원 → 246억 원(다음 해 예상)
342,083930,아바코,KOSDAQ,전기제품,1864,-16.7,,O,이차전지·전기차,2027 흐름: 이차전지·전기차 업종 · 영업이익 204억 원 → 346억 원(지난 두 해)
343,036170,에이치엠넥스,KOSDAQ,디스플레이장비및부품,1853,235.6,O,,,2026 흐름: 1년 +236% · 영업이익 3억 원 → 24억 원(지난 두 해)
344,419530,SAMG엔터,KOSDAQ,방송과엔터테인먼트,1835,-66.0,,O,K-뷰티·K-컬처,2027 흐름: K-뷰티·K-컬처 업종 · 영업이익 226억 원 → 233억 원(다음 해 예상)
345,214180,헥토이노베이션,KOSDAQ,IT서비스,1824,-20.0,,O,피지컬 AI·로봇·AI 전환,2027 흐름: 피지컬 AI·로봇·AI 전환 업종 · 영업이익 502억 원 → 588억 원(다음 해 예상)
346,138610,나이벡,KOSDAQ,건강관리장비와용품,1823,-36.4,,O,첨단바이오,2027 흐름: 첨단바이오 업종 · 영업이익 −49억 원 → 50억 원(지난 두 해)
347,108380,대양전기공업,KOSDAQ,조선,1796,-31.2,,O,조선,2027 흐름: 조선 업종 · 영업이익 271억 원 → 295억 원(다음 해 예상)
348,187870,디바이스,KOSDAQ,디스플레이장비및부품,1794,109.2,O,,,2026 흐름: 1년 +109% · 영업이익 173억 원 → 340억 원(다음 해 예상)
349,015230,대창단조,KOSPI,기계,1775,4.1,,O,피지컬 AI·로봇·AI 전환,2027 흐름: 피지컬 AI·로봇·AI 전환 업종 · 영업이익 301억 원 → 380억 원(지난 두 해)
350,199820,제일일렉트릭,KOSDAQ,전기장비,1760,-22.9,,O,AI 데이터센터 전력,2027 흐름: AI 데이터센터 전력 업종 · 영업이익 89억 원 → 118억 원(지난 두 해)
351,123330,제닉,KOSDAQ,화장품,1741,-17.9,,O,K-뷰티·K-컬처,2027 흐름: K-뷰티·K-컬처 업종 · 영업이익 150억 원 → 286억 원(다음 해 예상)
352,149950,아바텍,KOSDAQ,디스플레이장비및부품,1725,36.1,O,,,2026 흐름: 1년 +36% · 영업이익 61억 원 → 82억 원(다음 해 예상)
353,049630,재영솔루텍,KOSDAQ,핸드셋,1708,89.4,O,,,2026 흐름: 1년 +89% · 영업이익 100억 원 → 107억 원(지난 두 해)
354,489460,바이오비쥬,KOSDAQ,화장품,1700,-30.7,,O,K-뷰티·K-컬처,2027 흐름: K-뷰티·K-컬처 업종 · 영업이익 42억 원 → 100억 원(다음 해 예상)
355,226590,엠디바이스,KOSDAQ,반도체와반도체장비,1614,-15.9,,O,AI·반도체,2027 흐름: AI·반도체 업종 · 영업이익 48억 원 → 115억 원(지난 두 해)
356,102120,어보브반도체,KOSDAQ,반도체와반도체장비,1565,-28.6,,O,AI·반도체,2027 흐름: AI·반도체 업종 · 영업이익 −51억 원 → 101억 원(지난 두 해)
357,011040,경동제약,KOSDAQ,제약,1545,-14.9,,O,첨단바이오,2027 흐름: 첨단바이오 업종 · 영업이익 26억 원 → 77억 원(지난 두 해)
358,179290,엠아이텍,KOSDAQ,건강관리장비와용품,1531,-35.0,,O,첨단바이오,2027 흐름: 첨단바이오 업종 · 영업이익 176억 원 → 207억 원(지난 두 해)
359,212560,네오오토,KOSDAQ,자동차부품,1524,91.2,O,,,2026 흐름: 1년 +91% · 영업이익 137억 원 → 159억 원(다음 해 예상)
360,052260,현대바이오랜드,KOSDAQ,화장품,1500,6.7,,O,K-뷰티·K-컬처,2027 흐름: K-뷰티·K-컬처 업종 · 영업이익 127억 원 → 180억 원(다음 해 예상)
361,046440,KG파이낸셜,KOSDAQ,IT서비스,1475,-19.9,,O,피지컬 AI·로봇·AI 전환,2027 흐름: 피지컬 AI·로봇·AI 전환 업종 · 영업이익 331억 원 → 352억 원(다음 해 예상)
362,264660,씨앤지하이테크,KOSDAQ,반도체와반도체장비,1473,14.3,,O,AI·반도체,2027 흐름: AI·반도체 업종 · 영업이익 129억 원 → 247억 원(지난 두 해)
363,147830,제룡산업,KOSDAQ,전기장비,1470,15.2,,O,AI 데이터센터 전력,2027 흐름: AI 데이터센터 전력 업종 · 영업이익 41억 원 → 106억 원(지난 두 해)
364,146320,비씨엔씨,KOSDAQ,반도체와반도체장비,1450,-7.1,,O,AI·반도체,2027 흐름: AI·반도체 업종 · 영업이익 39억 원 → 93억 원(다음 해 예상)
365,048870,시너지이노베이션,KOSDAQ,건강관리장비와용품,1407,-42.2,,O,첨단바이오,2027 흐름: 첨단바이오 업종 · 영업이익 161억 원 → 192억 원(지난 두 해)
