id,type,dateKST,at,supersedes,correctionReason,links,factorId,name,day,modelVersion,forecastId,status,stocksUsing,stocksNonZero,latestObservation,freshness,meanAbsWeight,meanDailyContributionD1,reason,changeHistory
factor-4cdb5dd8064f1d33,factor,2026-09-29,2026-09-29T06:21:43.000Z,,,"{""forecastId"":""2026-09-28-atlas11-27e1f65cfc167be9"",""modelVersionId"":""atlas11-A-1""}",F06,원/달러 환율,2026-09-29,atlas11-A-1,2026-09-28-atlas11-27e1f65cfc167be9,미확보,0,0,,,,,검증된 시점별 입력 미확보 → 계수 0,[]
factor-19da8a33ff331103,factor,2026-09-29,2026-09-29T06:21:43.000Z,,,"{""forecastId"":""2026-09-28-atlas11-27e1f65cfc167be9"",""modelVersionId"":""atlas11-A-1""}",F14,외국인 현물 수급,2026-09-29,atlas11-A-1,2026-09-28-atlas11-27e1f65cfc167be9,미확보,0,0,,,,,검증된 시점별 입력 미확보 → 계수 0,[]
factor-9ec0af11d6de3a11,factor,2026-09-29,2026-09-29T06:21:43.000Z,,,"{""forecastId"":""2026-09-28-atlas11-27e1f65cfc167be9"",""modelVersionId"":""atlas11-A-1""}",F01,한국 정책금리·기대,2026-09-29,atlas11-A-1,2026-09-28-atlas11-27e1f65cfc167be9,미확보,0,0,,,,,검증된 시점별 입력 미확보 → 계수 0,[]
factor-fd2eec93166ccd07,factor,2026-09-29,2026-09-29T06:21:43.000Z,,,"{""forecastId"":""2026-09-28-atlas11-27e1f65cfc167be9"",""modelVersionId"":""atlas11-A-1""}",F02,미국 정책금리·기대,2026-09-29,atlas11-A-1,2026-09-28-atlas11-27e1f65cfc167be9,미확보,0,0,,,,,검증된 시점별 입력 미확보 → 계수 0,[]
factor-ba1d124847226689,factor,2026-09-29,2026-09-29T06:21:43.000Z,,,"{""forecastId"":""2026-09-28-atlas11-27e1f65cfc167be9"",""modelVersionId"":""atlas11-A-1""}",F03,장단기 시장금리 곡선,2026-09-29,atlas11-A-1,2026-09-28-atlas11-27e1f65cfc167be9,미확보,0,0,,,,,검증된 시점별 입력 미확보 → 계수 0,[]
factor-26692254d0e0e034,factor,2026-09-29,2026-09-29T06:21:43.000Z,,,"{""forecastId"":""2026-09-28-atlas11-27e1f65cfc167be9"",""modelVersionId"":""atlas11-A-1""}",F04,미국 실질금리,2026-09-29,atlas11-A-1,2026-09-28-atlas11-27e1f65cfc167be9,미확보,0,0,,,,,검증된 시점별 입력 미확보 → 계수 0,[]
factor-2a58c7b752b5fdc3,factor,2026-09-29,2026-09-29T06:21:43.000Z,,,"{""forecastId"":""2026-09-28-atlas11-27e1f65cfc167be9"",""modelVersionId"":""atlas11-A-1""}",F09,글로벌 주식시장 흐름,2026-09-29,atlas11-A-1,2026-09-28-atlas11-27e1f65cfc167be9,미확보,0,0,,,,,검증된 시점별 입력 미확보 → 계수 0,[]
factor-09799c04e278809a,factor,2026-09-29,2026-09-29T06:21:43.000Z,,,"{""forecastId"":""2026-09-28-atlas11-27e1f65cfc167be9"",""modelVersionId"":""atlas11-A-1""}",F10,위험 회피·시장 변동성,2026-09-29,atlas11-A-1,2026-09-28-atlas11-27e1f65cfc167be9,미확보,0,0,,,,,검증된 시점별 입력 미확보 → 계수 0,[]
factor-d52201687106ce74,factor,2026-09-29,2026-09-29T06:21:43.000Z,,,"{""forecastId"":""2026-09-28-atlas11-27e1f65cfc167be9"",""modelVersionId"":""atlas11-A-1""}",F16,국내 기관 수급·연기금 제외,2026-09-29,atlas11-A-1,2026-09-28-atlas11-27e1f65cfc167be9,미확보,0,0,,,,,검증된 시점별 입력 미확보 → 계수 0,[]
factor-43dcd45e65156cf2,factor,2026-09-29,2026-09-29T06:21:43.000Z,,,"{""forecastId"":""2026-09-28-atlas11-27e1f65cfc167be9"",""modelVersionId"":""atlas11-A-1""}",F05,신용 스프레드,2026-09-29,atlas11-A-1,2026-09-28-atlas11-27e1f65cfc167be9,미확보,0,0,,,,,검증된 시점별 입력 미확보 → 계수 0,[]
factor-2edf767a1cc01a31,factor,2026-09-29,2026-09-29T06:21:43.000Z,,,"{""forecastId"":""2026-09-28-atlas11-27e1f65cfc167be9"",""modelVersionId"":""atlas11-A-1""}",F26,실적 서프라이즈,2026-09-29,atlas11-A-1,2026-09-28-atlas11-27e1f65cfc167be9,미확보,0,0,,,,,검증된 시점별 입력 미확보 → 계수 0,[]
factor-927724449ca0d715,factor,2026-09-29,2026-09-29T06:21:43.000Z,,,"{""forecastId"":""2026-09-28-atlas11-27e1f65cfc167be9"",""modelVersionId"":""atlas11-A-1""}",F30,자본조달·기업행위,2026-09-29,atlas11-A-1,2026-09-28-atlas11-27e1f65cfc167be9,미확보,0,0,,,,,검증된 시점별 입력 미확보 → 계수 0,[]
factor-2de286f51c5cfc24,factor,2026-09-29,2026-09-29T06:21:43.000Z,,,"{""forecastId"":""2026-09-28-atlas11-27e1f65cfc167be9"",""modelVersionId"":""atlas11-A-1""}",F15,외국인 선물·파생 포지션,2026-09-29,atlas11-A-1,2026-09-28-atlas11-27e1f65cfc167be9,미확보,0,0,,,,,검증된 시점별 입력 미확보 → 계수 0,[]
factor-5ed617245c748b52,factor,2026-09-29,2026-09-29T06:21:43.000Z,,,"{""forecastId"":""2026-09-28-atlas11-27e1f65cfc167be9"",""modelVersionId"":""atlas11-A-1""}",F35,종목 고유 추세·반전,2026-09-29,atlas11-A-1,2026-09-28-atlas11-27e1f65cfc167be9,수치 입력,52,20,2026-09-28,기준일,0.0009414710743211221,-0.0001092646795869053,자기 종목 실제 1·2·5·20·60거래일 수익률,[]
factor-362422d1d5f4b2c9,factor,2026-09-29,2026-09-29T06:21:43.000Z,,,"{""forecastId"":""2026-09-28-atlas11-27e1f65cfc167be9"",""modelVersionId"":""atlas11-A-1""}",F36,실현 변동성·갭 위험,2026-09-29,atlas11-A-1,2026-09-28-atlas11-27e1f65cfc167be9,분산 모형,52,0,2026-09-28,기준일,0,,자기 잔차 변동폭(GARCH),[]
factor-45a518a78e380394,factor,2026-09-29,2026-09-29T06:21:43.000Z,,,"{""forecastId"":""2026-09-28-atlas11-27e1f65cfc167be9"",""modelVersionId"":""atlas11-A-1""}",F07,통화·은행 유동성,2026-09-29,atlas11-A-1,2026-09-28-atlas11-27e1f65cfc167be9,미확보,0,0,,,,,검증된 시점별 입력 미확보 → 계수 0,[]
factor-4fee074ea2c212b4,factor,2026-09-29,2026-09-29T06:21:43.000Z,,,"{""forecastId"":""2026-09-28-atlas11-27e1f65cfc167be9"",""modelVersionId"":""atlas11-A-1""}",F17,연기금 등 수급,2026-09-29,atlas11-A-1,2026-09-28-atlas11-27e1f65cfc167be9,미확보,0,0,,,,,검증된 시점별 입력 미확보 → 계수 0,[]
factor-1be863f7d3081eff,factor,2026-09-29,2026-09-29T06:21:43.000Z,,,"{""forecastId"":""2026-09-28-atlas11-27e1f65cfc167be9"",""modelVersionId"":""atlas11-A-1""}",F25,이익 전망 수정,2026-09-29,atlas11-A-1,2026-09-28-atlas11-27e1f65cfc167be9,미확보,0,0,,,,,검증된 시점별 입력 미확보 → 계수 0,[]
factor-b9fb5ad3abe1787f,factor,2026-09-29,2026-09-29T06:21:43.000Z,,,"{""forecastId"":""2026-09-28-atlas11-27e1f65cfc167be9"",""modelVersionId"":""atlas11-A-1""}",F28,재무 체력·현금흐름,2026-09-29,atlas11-A-1,2026-09-28-atlas11-27e1f65cfc167be9,미확보,0,0,,,,,검증된 시점별 입력 미확보 → 계수 0,[]
factor-0bf0ac6750176d37,factor,2026-09-29,2026-09-29T06:21:43.000Z,,,"{""forecastId"":""2026-09-28-atlas11-27e1f65cfc167be9"",""modelVersionId"":""atlas11-A-1""}",F11,시장 폭·업종 확산,2026-09-29,atlas11-A-1,2026-09-28-atlas11-27e1f65cfc167be9,수치 입력,52,20,2026-09-28,기준일,0.0004116365437718166,-0.00003286664207908108,ATLAS52 가격 폭·평균 대용값 · KOSPI나 공식 업종지수가 아님,[]
factor-a35e520ce5697936,factor,2026-09-29,2026-09-29T06:21:43.000Z,,,"{""forecastId"":""2026-09-28-atlas11-27e1f65cfc167be9"",""modelVersionId"":""atlas11-A-1""}",F23,거래 유동성·가격 충격,2026-09-29,atlas11-A-1,2026-09-28-atlas11-27e1f65cfc167be9,미확보,0,0,,,,,검증된 시점별 입력 미확보 → 계수 0,[]
factor-916eb16fdedb7fda,factor,2026-09-29,2026-09-29T06:21:43.000Z,,,"{""forecastId"":""2026-09-28-atlas11-27e1f65cfc167be9"",""modelVersionId"":""atlas11-A-1""}",F19,개인 투자자 수급,2026-09-29,atlas11-A-1,2026-09-28-atlas11-27e1f65cfc167be9,미확보,0,0,,,,,검증된 시점별 입력 미확보 → 계수 0,[]
factor-3e5b6a595b0583e3,factor,2026-09-29,2026-09-29T06:21:43.000Z,,,"{""forecastId"":""2026-09-28-atlas11-27e1f65cfc167be9"",""modelVersionId"":""atlas11-A-1""}",F31,사업 수요·수주,2026-09-29,atlas11-A-1,2026-09-28-atlas11-27e1f65cfc167be9,미확보,0,0,,,,,검증된 시점별 입력 미확보 → 계수 0,[]
factor-f3e356b577d4a0b4,factor,2026-09-29,2026-09-29T06:21:43.000Z,,,"{""forecastId"":""2026-09-28-atlas11-27e1f65cfc167be9"",""modelVersionId"":""atlas11-A-1""}",F34,업종 판매가격·마진,2026-09-29,atlas11-A-1,2026-09-28-atlas11-27e1f65cfc167be9,미확보,0,0,,,,,검증된 시점별 입력 미확보 → 계수 0,[]
factor-c1f4397f90dcb1f7,factor,2026-09-29,2026-09-29T06:21:43.000Z,,,"{""forecastId"":""2026-09-28-atlas11-27e1f65cfc167be9"",""modelVersionId"":""atlas11-A-1""}",F12,물가 발표 차이,2026-09-29,atlas11-A-1,2026-09-28-atlas11-27e1f65cfc167be9,미확보,0,0,,,,,검증된 시점별 입력 미확보 → 계수 0,[]
factor-04f84a20f66f4d4c,factor,2026-09-29,2026-09-29T06:21:43.000Z,,,"{""forecastId"":""2026-09-28-atlas11-27e1f65cfc167be9"",""modelVersionId"":""atlas11-A-1""}",F13,경기·수출 발표 차이,2026-09-29,atlas11-A-1,2026-09-28-atlas11-27e1f65cfc167be9,미확보,0,0,,,,,검증된 시점별 입력 미확보 → 계수 0,[]
factor-337ea56f11f546d9,factor,2026-09-29,2026-09-29T06:21:43.000Z,,,"{""forecastId"":""2026-09-28-atlas11-27e1f65cfc167be9"",""modelVersionId"":""atlas11-A-1""}",F08,증시 대기자금,2026-09-29,atlas11-A-1,2026-09-28-atlas11-27e1f65cfc167be9,미확보,0,0,,,,,검증된 시점별 입력 미확보 → 계수 0,[]
factor-0bd4a41ce99c12ba,factor,2026-09-29,2026-09-29T06:21:43.000Z,,,"{""forecastId"":""2026-09-28-atlas11-27e1f65cfc167be9"",""modelVersionId"":""atlas11-A-1""}",F20,신용잔고·강제청산 압력,2026-09-29,atlas11-A-1,2026-09-28-atlas11-27e1f65cfc167be9,미확보,0,0,,,,,검증된 시점별 입력 미확보 → 계수 0,[]
factor-d15e4071882761c3,factor,2026-09-29,2026-09-29T06:21:43.000Z,,,"{""forecastId"":""2026-09-28-atlas11-27e1f65cfc167be9"",""modelVersionId"":""atlas11-A-1""}",F33,원자재·에너지 원가,2026-09-29,atlas11-A-1,2026-09-28-atlas11-27e1f65cfc167be9,미확보,0,0,,,,,검증된 시점별 입력 미확보 → 계수 0,[]
factor-8ed0e8e9ff05db32,factor,2026-09-29,2026-09-29T06:21:43.000Z,,,"{""forecastId"":""2026-09-28-atlas11-27e1f65cfc167be9"",""modelVersionId"":""atlas11-A-1""}",F29,자사주 집행·소각,2026-09-29,atlas11-A-1,2026-09-28-atlas11-27e1f65cfc167be9,미확보,0,0,,,,,검증된 시점별 입력 미확보 → 계수 0,[]
factor-5238e22c6d81cf1d,factor,2026-09-29,2026-09-29T06:21:43.000Z,,,"{""forecastId"":""2026-09-28-atlas11-27e1f65cfc167be9"",""modelVersionId"":""atlas11-A-1""}",F27,가격 대비 가치평가,2026-09-29,atlas11-A-1,2026-09-28-atlas11-27e1f65cfc167be9,미확보,0,0,,,,,검증된 시점별 입력 미확보 → 계수 0,[]
factor-36d68d8a5c110332,factor,2026-09-29,2026-09-29T06:21:43.000Z,,,"{""forecastId"":""2026-09-28-atlas11-27e1f65cfc167be9"",""modelVersionId"":""atlas11-A-1""}",F32,업종 재고·가동률,2026-09-29,atlas11-A-1,2026-09-28-atlas11-27e1f65cfc167be9,미확보,0,0,,,,,검증된 시점별 입력 미확보 → 계수 0,[]
factor-efab1921324c9b57,factor,2026-09-29,2026-09-29T06:21:43.000Z,,,"{""forecastId"":""2026-09-28-atlas11-27e1f65cfc167be9"",""modelVersionId"":""atlas11-A-1""}",F21,공매도 포지션·거래,2026-09-29,atlas11-A-1,2026-09-28-atlas11-27e1f65cfc167be9,미확보,0,0,,,,,검증된 시점별 입력 미확보 → 계수 0,[]
factor-48452a6abd336d1b,factor,2026-09-29,2026-09-29T06:21:43.000Z,,,"{""forecastId"":""2026-09-28-atlas11-27e1f65cfc167be9"",""modelVersionId"":""atlas11-A-1""}",F22,ETF·지수 리밸런싱,2026-09-29,atlas11-A-1,2026-09-28-atlas11-27e1f65cfc167be9,미확보,0,0,,,,,검증된 시점별 입력 미확보 → 계수 0,[]
factor-a8e1dede6e5e6698,factor,2026-09-29,2026-09-29T06:21:43.000Z,,,"{""forecastId"":""2026-09-28-atlas11-27e1f65cfc167be9"",""modelVersionId"":""atlas11-A-1""}",F24,유통물량·잠재 매물,2026-09-29,atlas11-A-1,2026-09-28-atlas11-27e1f65cfc167be9,미확보,0,0,,,,,검증된 시점별 입력 미확보 → 계수 0,[]
factor-0c13571d34dcf8a2,factor,2026-09-29,2026-09-29T06:21:43.000Z,,,"{""forecastId"":""2026-09-28-atlas11-27e1f65cfc167be9"",""modelVersionId"":""atlas11-A-1""}",F18,국민연금 확인 보유·배분,2026-09-29,atlas11-A-1,2026-09-28-atlas11-27e1f65cfc167be9,미확보,0,0,,,,,검증된 시점별 입력 미확보 → 계수 0,[]
