id,type,dateKST,at,supersedes,correctionReason,links,forecastId,modelVersion,kind,shadowOf,issuedAt,originDate,anchor,code,name,group,targetDate,horizon,evaluable,predicted,actual,priceError,ape,tolerancePct,priceHit,predictedReturn,actualReturn,predictedDirection,actualDirection,directionCorrect,lower,upper,covered,bandWidthPct,intervalScore,intervalScoreRel,probabilities,brier,class,classLabel,closeCall,actualEvidence,revisions,scoredAt,policyVersion
score-157fd8fafa159904,score,2026-10-02,2026-10-02T13:38:22Z,,,"{""forecastId"":""2026-10-01-atlas11-ddcd76430dec96dc"",""inputSnapshotSHA256"":""df5acb97970a7bca13b0e03223b83a27fd5a88da22ebdef75724cf76c09c6fe9"",""collectionRecordId"":""collection-894eda038c0c9b8f""}",2026-10-01-atlas11-ddcd76430dec96dc,atlas11-A-1,live,,2026-10-01T09:53:49Z,2026-10-01,276000,005930,삼성전자,semi,2026-10-02,1,true,"{""p05"":260298.9650929618,""p10"":264491.37502640724,""p25"":270302.4498923998,""p50"":275694.02744961524,""p75"":281802.69266242103,""p90"":289772.0975723681,""p95"":292516.5527969316}",276000,-305.9725503847585,0.11085961970462264,1.5,true,-0.0011085961970461744,0,down,flat,false,264491.37502640724,289772.0975723681,true,9.159682081869876,25280.72254596086,0.09159682081869877,"{""up"":0.47195,""flat"":0.0236,""down"":0.50445}",1.430563565,3,크기 허용·방향 틀림,true,"{""sourceUrl"":""https://api.stock.naver.com/chart/domestic/item/005930/minute?startDateTime=202610021525&endDateTime=202610021545"",""rawHash"":""b26ccf97c7d8e0c171a97ed197d63ae7a261b8bb328d5381558707c1b3e6df4f"",""observedAt"":""2026-10-02T13:38:22Z"",""finalClose"":true}",1,2026-10-02T13:38:22Z,v1
score-04197d84e69091de,score,2026-10-02,2026-10-02T13:38:22Z,,,"{""forecastId"":""2026-10-01-atlas11-ddcd76430dec96dc"",""inputSnapshotSHA256"":""df5acb97970a7bca13b0e03223b83a27fd5a88da22ebdef75724cf76c09c6fe9"",""collectionRecordId"":""collection-894eda038c0c9b8f""}",2026-10-01-atlas11-ddcd76430dec96dc,atlas11-A-1,live,,2026-10-01T09:53:49Z,2026-10-01,1561000,009150,삼성전기,semi,2026-10-02,1,true,"{""p05"":1492764.2000343022,""p10"":1509517.4829779104,""p25"":1536949.2671399992,""p50"":1561254.6192398907,""p75"":1588278.288812383,""p90"":1626222.972850269,""p95"":1653210.0790879093}",1581000,-19745.380760109285,1.248917189127722,1.5,true,0.00016311290191595162,0.012812299807815508,up,up,true,1509517.4829779104,1626222.972850269,true,7.4763286273131655,116705.4898723585,0.07476328627313165,"{""up"":0.48915,""flat"":0.03635,""down"":0.4745}",0.48743929500000005,1,방향·크기 모두 맞음,true,"{""sourceUrl"":""https://api.stock.naver.com/chart/domestic/item/009150/minute?startDateTime=202610021525&endDateTime=202610021545"",""rawHash"":""65e87d5825268c7e8ca078a6722e8294857903c1253b24ab9c59187b9ddf543f"",""observedAt"":""2026-10-02T13:38:22Z"",""finalClose"":true}",1,2026-10-02T13:38:22Z,v1
score-6165a568fa4c5baa,score,2026-10-02,2026-10-02T13:38:22Z,,,"{""forecastId"":""2026-10-01-atlas11-ddcd76430dec96dc"",""inputSnapshotSHA256"":""df5acb97970a7bca13b0e03223b83a27fd5a88da22ebdef75724cf76c09c6fe9"",""collectionRecordId"":""collection-894eda038c0c9b8f""}",2026-10-01-atlas11-ddcd76430dec96dc,atlas11-A-1,live,,2026-10-01T09:53:49Z,2026-10-01,360500,373220,LG에너지솔루션,chem,2026-10-02,1,true,"{""p05"":343228.34422130435,""p10"":347400.201642001,""p25"":353680.33092499606,""p50"":360392.4019102315,""p75"":366441.6622377484,""p90"":374328.66580168286,""p95"":379201.84283531044}",371000,-10607.598089768493,2.859190859775874,1.5,false,-0.000298469042353644,0.029126213592232997,down,up,false,347400.201642001,374328.66580168286,true,7.469754274530338,26928.46415968187,0.07469754274530338,"{""up"":0.47695,""flat"":0.0288,""down"":0.49425}",0.5186938050000001,4,방향·크기 모두 틀림,true,"{""sourceUrl"":""https://api.stock.naver.com/chart/domestic/item/373220/minute?startDateTime=202610021525&endDateTime=202610021545"",""rawHash"":""bd95e3b49c91ade11e288ee319846889042c58cfdd851f0a3be4faa9e8381e58"",""observedAt"":""2026-10-02T13:38:22Z"",""finalClose"":true}",1,2026-10-02T13:38:22Z,v1
score-89b86080ec135542,score,2026-10-02,2026-10-02T13:38:22Z,,,"{""forecastId"":""2026-10-01-atlas11-ddcd76430dec96dc"",""inputSnapshotSHA256"":""df5acb97970a7bca13b0e03223b83a27fd5a88da22ebdef75724cf76c09c6fe9"",""collectionRecordId"":""collection-894eda038c0c9b8f""}",2026-10-01-atlas11-ddcd76430dec96dc,atlas11-A-1,live,,2026-10-01T09:53:49Z,2026-10-01,349000,005380,현대차,auto,2026-10-02,1,true,"{""p05"":337380.3749793605,""p10"":340292.07614878437,""p25"":344442.4831835408,""p50"":348684.08374059765,""p75"":352860.32178383775,""p90"":358589.29513629666,""p95"":364409.62083749403}",346500,2184.083740597649,0.6303271978636794,1.5,true,-0.0009052041816686174,-0.007163323782234943,down,down,true,340292.07614878437,358589.29513629666,true,5.242756156880311,18297.218987512286,0.05242756156880311,"{""up"":0.44005,""flat"":0.0694,""down"":0.49055}",0.45799966499999994,1,방향·크기 모두 맞음,false,"{""sourceUrl"":""https://api.stock.naver.com/chart/domestic/item/005380/minute?startDateTime=202610021525&endDateTime=202610021545"",""rawHash"":""473578dec44bbee65da9162fc385ef724366277e5b428192f42cdfc993199f05"",""observedAt"":""2026-10-02T13:38:22Z"",""finalClose"":true}",1,2026-10-02T13:38:22Z,v1
score-b003298a97e4d2be,score,2026-10-02,2026-10-02T13:38:22Z,,,"{""forecastId"":""2026-10-01-atlas11-ddcd76430dec96dc"",""inputSnapshotSHA256"":""df5acb97970a7bca13b0e03223b83a27fd5a88da22ebdef75724cf76c09c6fe9"",""collectionRecordId"":""collection-894eda038c0c9b8f""}",2026-10-01-atlas11-ddcd76430dec96dc,atlas11-A-1,live,,2026-10-01T09:53:49Z,2026-10-01,166000,105560,KB금융,fin,2026-10-02,1,true,"{""p05"":160779.90252729465,""p10"":162741.5818922777,""p25"":164701.63950048748,""p50"":166669.02119355992,""p75"":168633.92737261928,""p90"":171161.3696870272,""p95"":172217.90727355483}",167400,-730.9788064400782,0.43666595366790817,1.5,true,0.0040302481539753465,0.008433734939758963,up,up,true,162741.5818922777,171161.3696870272,true,5.072161322138262,8419.787794749514,0.05072161322138262,"{""up"":0.5806,""flat"":0.0354,""down"":0.384}",0.32460552,1,방향·크기 모두 맞음,false,"{""sourceUrl"":""https://api.stock.naver.com/chart/domestic/item/105560/minute?startDateTime=202610021525&endDateTime=202610021545"",""rawHash"":""dfdc24c3254d2464a224652cd439ea42602e8be53414e6d2ff06880bf4dad015"",""observedAt"":""2026-10-02T13:38:22Z"",""finalClose"":true}",1,2026-10-02T13:38:22Z,v1
score-a69a0d11a4dd30fb,score,2026-10-02,2026-10-02T13:38:22Z,,,"{""forecastId"":""2026-10-01-atlas11-ddcd76430dec96dc"",""inputSnapshotSHA256"":""df5acb97970a7bca13b0e03223b83a27fd5a88da22ebdef75724cf76c09c6fe9"",""collectionRecordId"":""collection-894eda038c0c9b8f""}",2026-10-01-atlas11-ddcd76430dec96dc,atlas11-A-1,live,,2026-10-01T09:53:49Z,2026-10-01,347000,028260,삼성물산,util,2026-10-02,1,true,"{""p05"":332220.4573829932,""p10"":336261.66594893846,""p25"":341468.94183163845,""p50"":346543.6329272898,""p75"":352017.7113526084,""p90"":357479.90002462396,""p95"":363080.18988925}",346000,543.6329272898147,0.1571193431473453,1.5,true,-0.0013151788838909884,-0.0028818443804035088,down,down,true,336261.66594893846,357479.90002462396,true,6.114764863309942,21218.234075685497,0.06114764863309942,"{""up"":0.4457,""flat"":0.04985,""down"":0.50445}",0.44670331500000005,1,방향·크기 모두 맞음,false,"{""sourceUrl"":""https://api.stock.naver.com/chart/domestic/item/028260/minute?startDateTime=202610021525&endDateTime=202610021545"",""rawHash"":""33cf0136388c49dc6206f4e8d09ca8d882cb005af6c20e8119e96cfb08bcfbab"",""observedAt"":""2026-10-02T13:38:22Z"",""finalClose"":true}",1,2026-10-02T13:38:22Z,v1
score-f0b7fc89a3cd7df8,score,2026-10-02,2026-10-02T13:38:22Z,,,"{""forecastId"":""2026-10-01-atlas11-ddcd76430dec96dc"",""inputSnapshotSHA256"":""df5acb97970a7bca13b0e03223b83a27fd5a88da22ebdef75724cf76c09c6fe9"",""collectionRecordId"":""collection-894eda038c0c9b8f""}",2026-10-01-atlas11-ddcd76430dec96dc,atlas11-A-1,live,,2026-10-01T09:53:49Z,2026-10-01,284000,032830,삼성생명보험,fin,2026-10-02,1,true,"{""p05"":273849.5745844121,""p10"":276188.32026406744,""p25"":280013.6139348662,""p50"":284022.6103244143,""p75"":288070.99947950366,""p90"":292977.42317848036,""p95"":297594.9040847374}",289000,-4977.389675585728,1.7222801645625354,1.5,false,0.0000796138183600803,0.01760563380281699,up,up,true,276188.32026406744,292977.42317848036,true,5.911655955779195,16789.102914412913,0.05911655955779195,"{""up"":0.48025,""flat"":0.04845,""down"":0.4713}",0.4946111549999999,2,방향 맞고 크기 틀림,true,"{""sourceUrl"":""https://api.stock.naver.com/chart/domestic/item/032830/minute?startDateTime=202610021525&endDateTime=202610021545"",""rawHash"":""93634a23989b362df7e47236e61f5e45db0eae29a893f3167732fd26e6fa2ad7"",""observedAt"":""2026-10-02T13:38:22Z"",""finalClose"":true}",1,2026-10-02T13:38:22Z,v1
score-983b2995c80d582e,score,2026-10-02,2026-10-02T13:38:22Z,,,"{""forecastId"":""2026-10-01-atlas11-ddcd76430dec96dc"",""inputSnapshotSHA256"":""df5acb97970a7bca13b0e03223b83a27fd5a88da22ebdef75724cf76c09c6fe9"",""collectionRecordId"":""collection-894eda038c0c9b8f""}",2026-10-01-atlas11-ddcd76430dec96dc,atlas11-A-1,live,,2026-10-01T09:53:49Z,2026-10-01,1034000,012450,한화에어로스페이스,heavy,2026-10-02,1,true,"{""p05"":969706.8925177942,""p10"":984630.5575461051,""p25"":1011292.0088631839,""p50"":1031456.2339009612,""p75"":1056119.6843431022,""p90"":1086095.0155636712,""p95"":1104259.7823926979}",1072000,-40543.76609903877,3.7820677331192885,1.5,false,-0.002460121952648664,0.03675048355899424,down,up,false,984630.5575461051,1086095.0155636712,true,9.812810253149529,101464.45801756612,0.09812810253149529,"{""up"":0.4477,""flat"":0.0185,""down"":0.5338}",0.5903199800000001,4,방향·크기 모두 틀림,false,"{""sourceUrl"":""https://api.stock.naver.com/chart/domestic/item/012450/minute?startDateTime=202610021525&endDateTime=202610021545"",""rawHash"":""4cd70cff9557407664c06e35f95a3cf902436753140a9afb866328c7f6cd7a90"",""observedAt"":""2026-10-02T13:38:22Z"",""finalClose"":true}",1,2026-10-02T13:38:22Z,v1
score-3cb36c7c933717d0,score,2026-10-02,2026-10-02T13:38:22Z,,,"{""forecastId"":""2026-10-01-atlas11-ddcd76430dec96dc"",""inputSnapshotSHA256"":""df5acb97970a7bca13b0e03223b83a27fd5a88da22ebdef75724cf76c09c6fe9"",""collectionRecordId"":""collection-894eda038c0c9b8f""}",2026-10-01-atlas11-ddcd76430dec96dc,atlas11-A-1,live,,2026-10-01T09:53:49Z,2026-10-01,82100,034020,두산에너빌리티,heavy,2026-10-02,1,true,"{""p05"":77133.34019007611,""p10"":78482.30478873801,""p25"":80242.73135849519,""p50"":81862.28226560938,""p75"":83893.97095710663,""p90"":86502.96464017886,""p95"":87621.74815842153}",81100,762.2822656093776,0.9399288108623646,1.5,true,-0.0028954657051233346,-0.01218026796589522,down,down,true,78482.30478873801,86502.96464017886,true,9.769378625384718,8020.659851440854,0.09769378625384718,"{""up"":0.44615,""flat"":0.0322,""down"":0.52165}",0.4289053850000001,1,방향·크기 모두 맞음,false,"{""sourceUrl"":""https://api.stock.naver.com/chart/domestic/item/034020/minute?startDateTime=202610021525&endDateTime=202610021545"",""rawHash"":""c4764bb367e65bb76ad7e9f6fd00943237080b5d2dc2630db43a78326d0285f6"",""observedAt"":""2026-10-02T13:38:22Z"",""finalClose"":true}",1,2026-10-02T13:38:22Z,v1
score-2edfb26b18ff1732,score,2026-10-02,2026-10-02T13:38:22Z,,,"{""forecastId"":""2026-10-01-atlas11-ddcd76430dec96dc"",""inputSnapshotSHA256"":""df5acb97970a7bca13b0e03223b83a27fd5a88da22ebdef75724cf76c09c6fe9"",""collectionRecordId"":""collection-894eda038c0c9b8f""}",2026-10-01-atlas11-ddcd76430dec96dc,atlas11-A-1,live,,2026-10-01T09:53:49Z,2026-10-01,431500,329180,HD현대중공업,heavy,2026-10-02,1,true,"{""p05"":410745.69515182776,""p10"":416509.2123408212,""p25"":424905.9790683163,""p50"":433333.0027832693,""p75"":441936.4903340679,""p90"":452782.48499319685,""p95"":458103.4709943422}",426000,7333.002783269272,1.7213621556970122,1.5,false,0.004247978640253169,-0.01274623406720743,up,down,false,416509.2123408212,452782.48499319685,true,8.406320429287515,36273.27265237563,0.08406320429287516,"{""up"":0.55475,""flat"":0.0292,""down"":0.41605}",0.649597805,4,방향·크기 모두 틀림,false,"{""sourceUrl"":""https://api.stock.naver.com/chart/domestic/item/329180/minute?startDateTime=202610021525&endDateTime=202610021545"",""rawHash"":""bfde29d46afb422f3b182bf6ea68fd91da2f9fa03626d1dfc864bde8c7016535"",""observedAt"":""2026-10-02T13:38:22Z"",""finalClose"":true}",1,2026-10-02T13:38:22Z,v1
score-4a155bacb5ff62e0,score,2026-10-02,2026-10-02T13:38:22Z,,,"{""forecastId"":""2026-10-01-atlas11-ddcd76430dec96dc"",""inputSnapshotSHA256"":""df5acb97970a7bca13b0e03223b83a27fd5a88da22ebdef75724cf76c09c6fe9"",""collectionRecordId"":""collection-894eda038c0c9b8f""}",2026-10-01-atlas11-ddcd76430dec96dc,atlas11-A-1,live,,2026-10-01T09:53:49Z,2026-10-01,587000,034730,SK,util,2026-10-02,1,true,"{""p05"":553034.680526544,""p10"":561592.9710953073,""p25"":574511.7868004174,""p50"":585954.9418375053,""p75"":597789.7368711516,""p90"":611452.0550066812,""p95"":623170.9476235469}",584000,1954.941837505321,0.3347503146413221,1.5,true,-0.0017803375851698222,-0.005110732538330498,down,down,true,561592.9710953073,611452.0550066812,true,8.493881415906982,49859.08391137398,0.08493881415906981,"{""up"":0.4603,""flat"":0.0297,""down"":0.51}",0.45285818,1,방향·크기 모두 맞음,true,"{""sourceUrl"":""https://api.stock.naver.com/chart/domestic/item/034730/minute?startDateTime=202610021525&endDateTime=202610021545"",""rawHash"":""1f9fb917bc42edcdb0999c9c94eeaa60f01278f305e28c7ec0c818e360522b1b"",""observedAt"":""2026-10-02T13:38:22Z"",""finalClose"":true}",1,2026-10-02T13:38:22Z,v1
score-80c15517d5c1c9f0,score,2026-10-02,2026-10-02T13:38:22Z,,,"{""forecastId"":""2026-10-01-atlas11-ddcd76430dec96dc"",""inputSnapshotSHA256"":""df5acb97970a7bca13b0e03223b83a27fd5a88da22ebdef75724cf76c09c6fe9"",""collectionRecordId"":""collection-894eda038c0c9b8f""}",2026-10-01-atlas11-ddcd76430dec96dc,atlas11-A-1,live,,2026-10-01T09:53:49Z,2026-10-01,382000,012330,현대모비스,auto,2026-10-02,1,true,"{""p05"":367446.457418786,""p10"":370877.0966549299,""p25"":375818.4385414362,""p50"":381393.253613407,""p75"":386760.06437514484,""p90"":394737.7440968966,""p95"":399997.6087695653}",383500,-2106.746386592975,0.5493471672993416,1.5,true,-0.0015883413261595924,0.003926701570680535,down,up,false,370877.0966549299,394737.7440968966,true,6.246242785855155,23860.647441966692,0.06246242785855155,"{""up"":0.43185,""flat"":0.03915,""down"":0.529}",0.6041681449999998,3,크기 허용·방향 틀림,false,"{""sourceUrl"":""https://api.stock.naver.com/chart/domestic/item/012330/minute?startDateTime=202610021525&endDateTime=202610021545"",""rawHash"":""6217070083ac16a6d8058ebadd19a39239962bc618d2d8a60f984840e8f9e050"",""observedAt"":""2026-10-02T13:38:22Z"",""finalClose"":true}",1,2026-10-02T13:38:22Z,v1
score-cbbfdab3bb9e417a,score,2026-10-02,2026-10-02T13:38:22Z,,,"{""forecastId"":""2026-10-01-atlas11-ddcd76430dec96dc"",""inputSnapshotSHA256"":""df5acb97970a7bca13b0e03223b83a27fd5a88da22ebdef75724cf76c09c6fe9"",""collectionRecordId"":""collection-894eda038c0c9b8f""}",2026-10-01-atlas11-ddcd76430dec96dc,atlas11-A-1,live,,2026-10-01T09:53:49Z,2026-10-01,211500,066570,LG전자,semi,2026-10-02,1,true,"{""p05"":202449.3268312869,""p10"":205209.97045336594,""p25"":207931.15812862825,""p50"":211152.1939848877,""p75"":214325.6963795118,""p90"":218036.47514487407,""p95"":221449.45025271518}",216000,-4847.806015112292,2.244354636626061,1.5,false,-0.0016444728846917167,0.02127659574468077,down,up,false,205209.97045336594,218036.47514487407,true,6.064541225299354,12826.504691508133,0.06064541225299354,"{""up"":0.45945,""flat"":0.0405,""down"":0.50005}",0.543884555,4,방향·크기 모두 틀림,true,"{""sourceUrl"":""https://api.stock.naver.com/chart/domestic/item/066570/minute?startDateTime=202610021525&endDateTime=202610021545"",""rawHash"":""49990abd318317b26adaee288b0c51ebd6283912512a5cbf3c0b1b4da3109f07"",""observedAt"":""2026-10-02T13:38:22Z"",""finalClose"":true}",1,2026-10-02T13:38:22Z,v1
score-bdcd25a55718724f,score,2026-10-02,2026-10-02T13:38:22Z,,,"{""forecastId"":""2026-10-01-atlas11-ddcd76430dec96dc"",""inputSnapshotSHA256"":""df5acb97970a7bca13b0e03223b83a27fd5a88da22ebdef75724cf76c09c6fe9"",""collectionRecordId"":""collection-894eda038c0c9b8f""}",2026-10-01-atlas11-ddcd76430dec96dc,atlas11-A-1,live,,2026-10-01T09:53:49Z,2026-10-01,191200,035420,NAVER,net,2026-10-02,1,true,"{""p05"":184083.2744535769,""p10"":186255.56069036742,""p25"":188487.10158150876,""p50"":191102.84294758085,""p75"":193153.42143433308,""p90"":197041.3134630153,""p95"":198438.97859652934}",192200,-1097.1570524191484,0.5708413384074653,1.5,true,-0.0005081435795980527,0.0052301255230124966,down,up,false,186255.56069036742,197041.3134630153,true,5.641084086112912,10785.752772647887,0.056410840861129116,"{""up"":0.46675,""flat"":0.0387,""down"":0.49455}",0.530432955,3,크기 허용·방향 틀림,true,"{""sourceUrl"":""https://api.stock.naver.com/chart/domestic/item/035420/minute?startDateTime=202610021525&endDateTime=202610021545"",""rawHash"":""5bb4c50b9a90351eefda1de6df9b4a3fe0e5077bccb218d13ed2c34e791f637f"",""observedAt"":""2026-10-02T13:38:22Z"",""finalClose"":true}",1,2026-10-02T13:38:22Z,v1
score-34520b242062e1cd,score,2026-10-02,2026-10-02T13:38:22Z,,,"{""forecastId"":""2026-10-01-atlas11-ddcd76430dec96dc"",""inputSnapshotSHA256"":""df5acb97970a7bca13b0e03223b83a27fd5a88da22ebdef75724cf76c09c6fe9"",""collectionRecordId"":""collection-894eda038c0c9b8f""}",2026-10-01-atlas11-ddcd76430dec96dc,atlas11-A-1,live,,2026-10-01T09:53:49Z,2026-10-01,206000,010120,LS ELECTRIC,heavy,2026-10-02,1,true,"{""p05"":193935.92974268325,""p10"":197291.13309218577,""p25"":200997.7038014721,""p50"":205333.4212398394,""p75"":210007.76166109974,""p90"":216428.8238443674,""p95"":221180.19238796097}",209500,-4166.578760160599,1.9888204105778513,1.5,false,-0.0032358192240805606,0.016990291262136026,down,up,false,197291.13309218577,216428.8238443674,true,9.290141141835743,19137.690752181632,0.09290141141835744,"{""up"":0.43625,""flat"":0.0374,""down"":0.52635}",0.596257145,4,방향·크기 모두 틀림,false,"{""sourceUrl"":""https://api.stock.naver.com/chart/domestic/item/010120/minute?startDateTime=202610021525&endDateTime=202610021545"",""rawHash"":""1a94b0a885a0c3c44edd78223d80c559aaf416ff6778ea4b93784458dd859b8f"",""observedAt"":""2026-10-02T13:38:22Z"",""finalClose"":true}",1,2026-10-02T13:38:22Z,v1
score-50de0a4c4bdc8c94,score,2026-10-02,2026-10-02T13:38:22Z,,,"{""forecastId"":""2026-10-01-atlas11-ddcd76430dec96dc"",""inputSnapshotSHA256"":""df5acb97970a7bca13b0e03223b83a27fd5a88da22ebdef75724cf76c09c6fe9"",""collectionRecordId"":""collection-894eda038c0c9b8f""}",2026-10-01-atlas11-ddcd76430dec96dc,atlas11-A-1,live,,2026-10-01T09:53:49Z,2026-10-01,626000,000810,삼성화재,fin,2026-10-02,1,true,"{""p05"":602484.776569211,""p10"":608688.5185136115,""p25"":616945.2367174451,""p50"":624843.9856197293,""p75"":632529.7517381296,""p90"":643241.5745348453,""p95"":653813.3991510591}",626000,-1156.0143802707316,0.18466683390906258,1.5,true,-0.0018466683390906402,0,down,flat,false,608688.5185136115,643241.5745348453,true,5.519657511379199,34553.05602123379,0.055196575113791994,"{""up"":0.44205,""flat"":0.0402,""down"":0.51775}",1.384689305,3,크기 허용·방향 틀림,false,"{""sourceUrl"":""https://api.stock.naver.com/chart/domestic/item/000810/minute?startDateTime=202610021525&endDateTime=202610021545"",""rawHash"":""0dfa47e41c7bd5630307504ef9e8a1479765057c7e517e3399566da6364c7f60"",""observedAt"":""2026-10-02T13:38:22Z"",""finalClose"":true}",1,2026-10-02T13:38:22Z,v1
score-a05bbe4e04eb06c2,score,2026-10-02,2026-10-02T13:38:22Z,,,"{""forecastId"":""2026-10-01-atlas11-ddcd76430dec96dc"",""inputSnapshotSHA256"":""df5acb97970a7bca13b0e03223b83a27fd5a88da22ebdef75724cf76c09c6fe9"",""collectionRecordId"":""collection-894eda038c0c9b8f""}",2026-10-01-atlas11-ddcd76430dec96dc,atlas11-A-1,live,,2026-10-01T09:53:49Z,2026-10-01,306500,005490,POSCO홀딩스,chem,2026-10-02,1,true,"{""p05"":295141.0451320192,""p10"":298430.8442622664,""p25"":302103.09767562937,""p50"":306016.04523032263,""p75"":310320.50010068365,""p90"":316665.94435088907,""p95"":319820.54039592214}",311000,-4983.954769677366,1.60255780375478,1.5,false,-0.0015789715160762219,0.014681892332789603,down,up,false,298430.8442622664,316665.94435088907,true,5.9494616928622035,18235.100088622654,0.059494616928622034,"{""up"":0.4601,""flat"":0.0192,""down"":0.5207}",0.56298914,4,방향·크기 모두 틀림,false,"{""sourceUrl"":""https://api.stock.naver.com/chart/domestic/item/005490/minute?startDateTime=202610021525&endDateTime=202610021545"",""rawHash"":""c133697201c39b3d5bbe69a41dca6bc7233330389f5c0cd5182ccc774c6a13f5"",""observedAt"":""2026-10-02T13:38:22Z"",""finalClose"":true}",1,2026-10-02T13:38:22Z,v1
score-918af0c4efff60f0,score,2026-10-02,2026-10-02T13:38:22Z,,,"{""forecastId"":""2026-10-01-atlas11-ddcd76430dec96dc"",""inputSnapshotSHA256"":""df5acb97970a7bca13b0e03223b83a27fd5a88da22ebdef75724cf76c09c6fe9"",""collectionRecordId"":""collection-894eda038c0c9b8f""}",2026-10-01-atlas11-ddcd76430dec96dc,atlas11-A-1,live,,2026-10-01T09:53:49Z,2026-10-01,1069000,010130,고려아연,chem,2026-10-02,1,true,"{""p05"":1014906.334332861,""p10"":1027301.6249170266,""p25"":1046467.8583432968,""p50"":1066016.7207818134,""p75"":1083653.12434361,""p90"":1120581.204196757,""p95"":1143315.8078114975}",1080000,-13983.279218186624,1.2947480757580208,1.5,true,-0.002790719567994926,0.010289990645462987,down,up,false,1027301.6249170266,1120581.204196757,true,8.725872710919582,93279.57927973033,0.08725872710919581,"{""up"":0.40635,""flat"":0.05045,""down"":0.5432}",0.650031765,3,크기 허용·방향 틀림,false,"{""sourceUrl"":""https://api.stock.naver.com/chart/domestic/item/010130/minute?startDateTime=202610021525&endDateTime=202610021545"",""rawHash"":""38f09cacd49a0be331b05dc248815c1de520a23ece2cd084c9aa71ca4681aaa4"",""observedAt"":""2026-10-02T13:38:22Z"",""finalClose"":true}",1,2026-10-02T13:38:22Z,v1
score-9c355884d71fac60,score,2026-10-02,2026-10-02T13:38:22Z,,,"{""forecastId"":""2026-10-01-atlas11-ddcd76430dec96dc"",""inputSnapshotSHA256"":""df5acb97970a7bca13b0e03223b83a27fd5a88da22ebdef75724cf76c09c6fe9"",""collectionRecordId"":""collection-894eda038c0c9b8f""}",2026-10-01-atlas11-ddcd76430dec96dc,atlas11-A-1,live,,2026-10-01T09:53:49Z,2026-10-01,127200,138040,메리츠금융지주,fin,2026-10-02,1,true,"{""p05"":122951.83684029723,""p10"":124131.7679945388,""p25"":125675.21507154375,""p50"":127064.75638469224,""p75"":128862.7959019435,""p90"":131115.60292118942,""p95"":132765.02195771944}",128800,-1735.2436153077579,1.3472388317606816,1.5,true,-0.001063235969400611,0.012578616352201255,down,up,false,124131.7679945388,131115.60292118942,true,5.490436263090115,6983.834926650627,0.05490436263090115,"{""up"":0.462,""flat"":0.03425,""down"":0.50375}",0.5443811250000001,3,크기 허용·방향 틀림,true,"{""sourceUrl"":""https://api.stock.naver.com/chart/domestic/item/138040/minute?startDateTime=202610021525&endDateTime=202610021545"",""rawHash"":""f588578d1c427b697b58ba675b300fe22c7cfe19b6a8c1badc9a688625756821"",""observedAt"":""2026-10-02T13:38:22Z"",""finalClose"":true}",1,2026-10-02T13:38:22Z,v1
score-218731456f944f4e,score,2026-10-02,2026-10-02T13:38:22Z,,,"{""forecastId"":""2026-10-01-atlas11-ddcd76430dec96dc"",""inputSnapshotSHA256"":""df5acb97970a7bca13b0e03223b83a27fd5a88da22ebdef75724cf76c09c6fe9"",""collectionRecordId"":""collection-894eda038c0c9b8f""}",2026-10-01-atlas11-ddcd76430dec96dc,atlas11-A-1,live,,2026-10-01T09:53:49Z,2026-10-01,30150,015760,한국전력,util,2026-10-02,1,true,"{""p05"":29044.194346790544,""p10"":29387.3608855587,""p25"":29773.302660862377,""p50"":30127.82247264573,""p75"":30528.43867657331,""p90"":30941.408826353578,""p95"":31256.844883376372}",30050,77.82247264573016,0.2589766144616644,1.5,true,-0.0007355730465761212,-0.0033167495854062867,down,down,true,29387.3608855587,30941.408826353578,true,5.154387863332925,1554.047940794877,0.05154387863332925,"{""up"":0.4528,""flat"":0.0727,""down"":0.4745}",0.4864633800000001,1,방향·크기 모두 맞음,true,"{""sourceUrl"":""https://api.stock.naver.com/chart/domestic/item/015760/minute?startDateTime=202610021525&endDateTime=202610021545"",""rawHash"":""6566b0535599ad0445525baa8d5444bc29ba27d05ecd9d0176a79b898137dbd5"",""observedAt"":""2026-10-02T13:38:22Z"",""finalClose"":true}",1,2026-10-02T13:38:22Z,v1
score-c98e47313d7f521d,score,2026-10-02,2026-10-02T13:38:22Z,,,"{""forecastId"":""2026-10-01-atlas11-ddcd76430dec96dc"",""inputSnapshotSHA256"":""df5acb97970a7bca13b0e03223b83a27fd5a88da22ebdef75724cf76c09c6fe9"",""collectionRecordId"":""collection-894eda038c0c9b8f""}",2026-10-01-atlas11-ddcd76430dec96dc,atlas11-A-1,live,,2026-10-01T09:53:49Z,2026-10-01,21150,011200,HMM,auto,2026-10-02,1,true,"{""p05"":20497.90215826153,""p10"":20656.440999019145,""p25"":20908.740851573082,""p50"":21142.84021186644,""p75"":21376.921592729665,""p90"":21655.92980566084,""p95"":21912.77592028643}",21500,-357.1597881335583,1.6612083169002714,1.5,false,-0.00033852426163394345,0.016548463356973908,down,up,false,20656.440999019145,21655.92980566084,true,4.725715397833065,999.4888066416934,0.047257153978330656,"{""up"":0.44675,""flat"":0.06675,""down"":0.4865}",0.547223375,4,방향·크기 모두 틀림,true,"{""sourceUrl"":""https://api.stock.naver.com/chart/domestic/item/011200/minute?startDateTime=202610021525&endDateTime=202610021545"",""rawHash"":""a6a083d8b1f1ca8bccbc969e698c14926978773ad5efd6bb5673d0a1d10f161d"",""observedAt"":""2026-10-02T13:38:22Z"",""finalClose"":true}",1,2026-10-02T13:38:22Z,v1
score-0508ffac73c643a0,score,2026-10-02,2026-10-02T13:38:22Z,,,"{""forecastId"":""2026-10-01-atlas11-ddcd76430dec96dc"",""inputSnapshotSHA256"":""df5acb97970a7bca13b0e03223b83a27fd5a88da22ebdef75724cf76c09c6fe9"",""collectionRecordId"":""collection-894eda038c0c9b8f""}",2026-10-01-atlas11-ddcd76430dec96dc,atlas11-A-1,live,,2026-10-01T09:53:49Z,2026-10-01,257000,051910,LG화학,chem,2026-10-02,1,true,"{""p05"":243122.16030124263,""p10"":246551.66325367187,""p25"":252122.80609002052,""p50"":256563.257967706,""p75"":261174.25520707655,""p90"":268391.0778237916,""p95"":272747.47547478136}",262500,-5936.742032293987,2.261616012302471,1.5,false,-0.0016993853396652936,0.021400778210116655,down,up,false,246551.66325367187,268391.0778237916,true,8.497826680980438,21839.414570119727,0.08497826680980439,"{""up"":0.4769,""flat"":0.0148,""down"":0.5083}",0.53222154,4,방향·크기 모두 틀림,true,"{""sourceUrl"":""https://api.stock.naver.com/chart/domestic/item/051910/minute?startDateTime=202610021525&endDateTime=202610021545"",""rawHash"":""681e076964fa45fc3758b864c7c72ebc46ba6bc9ae6a6c6e37744f50655d8f68"",""observedAt"":""2026-10-02T13:38:22Z"",""finalClose"":true}",1,2026-10-02T13:38:22Z,v1
score-3257fe0f30de7e8a,score,2026-10-02,2026-10-02T13:38:22Z,,,"{""forecastId"":""2026-10-01-atlas11-ddcd76430dec96dc"",""inputSnapshotSHA256"":""df5acb97970a7bca13b0e03223b83a27fd5a88da22ebdef75724cf76c09c6fe9"",""collectionRecordId"":""collection-894eda038c0c9b8f""}",2026-10-01-atlas11-ddcd76430dec96dc,atlas11-A-1,live,,2026-10-01T09:53:49Z,2026-10-01,86300,017670,SK텔레콤,net,2026-10-02,1,true,"{""p05"":84238.02810972808,""p10"":84818.20175581731,""p25"":85482.89329029356,""p50"":86234.86141069898,""p75"":86982.51145123188,""p90"":87988.86867953822,""p95"":88676.35688128561}",88400,-2165.1385893010156,2.4492517978518276,1.5,false,-0.0007547924600349587,0.024333719582850577,down,up,false,84818.20175581731,87988.86867953822,false,3.6740057053544763,7281.980128338677,0.08437983926232534,"{""up"":0.45095,""flat"":0.07925,""down"":0.4698}",0.5284485050000001,4,방향·크기 모두 틀림,true,"{""sourceUrl"":""https://api.stock.naver.com/chart/domestic/item/017670/minute?startDateTime=202610021525&endDateTime=202610021545"",""rawHash"":""854581256320a1fc149b30a1db340f61900a1895201d0e070a84d362115d9d8d"",""observedAt"":""2026-10-02T13:38:22Z"",""finalClose"":true}",1,2026-10-02T13:38:22Z,v1
score-ebbdd30b4b75e9c3,score,2026-10-02,2026-10-02T13:38:22Z,,,"{""forecastId"":""2026-10-01-atlas11-ddcd76430dec96dc"",""inputSnapshotSHA256"":""df5acb97970a7bca13b0e03223b83a27fd5a88da22ebdef75724cf76c09c6fe9"",""collectionRecordId"":""collection-894eda038c0c9b8f""}",2026-10-01-atlas11-ddcd76430dec96dc,atlas11-A-1,live,,2026-10-01T09:53:49Z,2026-10-01,174700,033780,KT&G,cons,2026-10-02,1,true,"{""p05"":170363.44609258763,""p10"":171904.19928674883,""p25"":173432.02899111965,""p50"":174971.36707591507,""p75"":176622.0413228212,""p90"":178736.95956142756,""p95"":180281.33429870155}",176900,-1928.63292408493,1.09023907523173,1.5,true,0.0015533318598457413,0.012593016599885543,up,up,true,171904.19928674883,178736.95956142756,true,3.9111392528212536,6832.760274678731,0.03911139252821254,"{""up"":0.50685,""flat"":0.04665,""down"":0.4465}",0.444735395,1,방향·크기 모두 맞음,false,"{""sourceUrl"":""https://api.stock.naver.com/chart/domestic/item/033780/minute?startDateTime=202610021525&endDateTime=202610021545"",""rawHash"":""427f7e824f3bc7de2f981b3b7596146d11633ff45de68bd5cc85576a6e37da7f"",""observedAt"":""2026-10-02T13:38:22Z"",""finalClose"":true}",1,2026-10-02T13:38:22Z,v1
score-2de7b8494dd1e2d2,score,2026-10-02,2026-10-02T13:38:22Z,,,"{""forecastId"":""2026-10-01-atlas11-ddcd76430dec96dc"",""inputSnapshotSHA256"":""df5acb97970a7bca13b0e03223b83a27fd5a88da22ebdef75724cf76c09c6fe9"",""collectionRecordId"":""collection-894eda038c0c9b8f""}",2026-10-01-atlas11-ddcd76430dec96dc,atlas11-A-1,live,,2026-10-01T09:53:49Z,2026-10-01,265000,196170,알테오젠,bio,2026-10-02,1,true,"{""p05"":251844.47489468934,""p10"":255255.91574842192,""p25"":259453.90281301856,""p50"":263983.96747310815,""p75"":269496.813229709,""p90"":275391.5233820925,""p95"":279370.6736001143}",259500,4483.967473108147,1.7279258085195168,1.5,false,-0.0038340850071391097,-0.02075471698113207,down,down,true,255255.91574842192,275391.5233820925,true,7.598342503271908,20135.60763367056,0.07598342503271908,"{""up"":0.4286,""flat"":0.04435,""down"":0.52705}",0.409346585,2,방향 맞고 크기 틀림,false,"{""sourceUrl"":""https://api.stock.naver.com/chart/domestic/item/196170/minute?startDateTime=202610021525&endDateTime=202610021545"",""rawHash"":""5a42c0210c90903872973d8121033078248ed0838d0423bdcfc0c584050c9417"",""observedAt"":""2026-10-02T13:38:22Z"",""finalClose"":true}",1,2026-10-02T13:38:22Z,v1
score-8c92c17ed79c076c,score,2026-10-02,2026-10-02T13:38:22Z,,,"{""forecastId"":""2026-10-01-atlas11-ddcd76430dec96dc"",""inputSnapshotSHA256"":""df5acb97970a7bca13b0e03223b83a27fd5a88da22ebdef75724cf76c09c6fe9"",""collectionRecordId"":""collection-894eda038c0c9b8f""}",2026-10-01-atlas11-ddcd76430dec96dc,atlas11-A-1,live,,2026-10-01T09:53:49Z,2026-10-01,223000,018260,삼성에스디에스,semi,2026-10-02,1,true,"{""p05"":213542.357645789,""p10"":216687.13738328154,""p25"":219825.3757536376,""p50"":222783.09718173943,""p75"":225799.63300322794,""p90"":228900.7161872213,""p95"":231175.68164054485}",219500,3283.097181739431,1.4957162559177362,1.5,true,-0.0009726583778500997,-0.015695067264574036,down,down,true,216687.13738328154,228900.7161872213,true,5.476941167685984,12213.578803939745,0.05476941167685984,"{""up"":0.4526,""flat"":0.0651,""down"":0.4823}",0.47709806000000005,1,방향·크기 모두 맞음,true,"{""sourceUrl"":""https://api.stock.naver.com/chart/domestic/item/018260/minute?startDateTime=202610021525&endDateTime=202610021545"",""rawHash"":""226272f7c32b6e680d6004959eb72a334a8c3b1ef8fda54fe26bd8b086753925"",""observedAt"":""2026-10-02T13:38:22Z"",""finalClose"":true}",1,2026-10-02T13:38:22Z,v1
score-fa3296632d88037f,score,2026-10-02,2026-10-02T13:38:22Z,,,"{""forecastId"":""2026-10-01-atlas11-ddcd76430dec96dc"",""inputSnapshotSHA256"":""df5acb97970a7bca13b0e03223b83a27fd5a88da22ebdef75724cf76c09c6fe9"",""collectionRecordId"":""collection-894eda038c0c9b8f""}",2026-10-01-atlas11-ddcd76430dec96dc,atlas11-A-1,live,,2026-10-01T09:53:49Z,2026-10-01,198400,086280,현대글로비스,auto,2026-10-02,1,true,"{""p05"":191795.1963408176,""p10"":193094.756420807,""p25"":195713.61044583208,""p50"":198097.98770968753,""p75"":200745.95711091824,""p90"":204216.35358723576,""p95"":206794.362850805}",201500,-3402.012290312472,1.6883435683932864,1.5,false,-0.0015222393664943157,0.015625,down,up,false,193094.756420807,204216.35358723576,true,5.605643733079007,11121.59716642875,0.05605643733079007,"{""up"":0.44725,""flat"":0.04135,""down"":0.5114}",0.5687723450000001,4,방향·크기 모두 틀림,false,"{""sourceUrl"":""https://api.stock.naver.com/chart/domestic/item/086280/minute?startDateTime=202610021525&endDateTime=202610021545"",""rawHash"":""f9d4b852f3a2e45f64fb2a3058003e6896c8e105f72b621d4e7ec9f80d71069b"",""observedAt"":""2026-10-02T13:38:22Z"",""finalClose"":true}",1,2026-10-02T13:38:22Z,v1
score-b1e6eabfdafc39de,score,2026-10-02,2026-10-02T13:38:22Z,,,"{""forecastId"":""2026-10-01-atlas11-ddcd76430dec96dc"",""inputSnapshotSHA256"":""df5acb97970a7bca13b0e03223b83a27fd5a88da22ebdef75724cf76c09c6fe9"",""collectionRecordId"":""collection-894eda038c0c9b8f""}",2026-10-01-atlas11-ddcd76430dec96dc,atlas11-A-1,live,,2026-10-01T09:53:49Z,2026-10-01,117200,000720,현대건설,heavy,2026-10-02,1,true,"{""p05"":110910.0480559055,""p10"":112110.72166344682,""p25"":114632.56717567533,""p50"":116690.44026802547,""p75"":119503.58115469785,""p90"":122830.46541808058,""p95"":125004.69227788916}",114400,2290.4402680254716,2.002133101420867,1.5,false,-0.004347779283059072,-0.023890784982935176,down,down,true,112110.72166344682,122830.46541808058,true,9.146539039789898,10719.74375463376,0.09146539039789899,"{""up"":0.42885,""flat"":0.03305,""down"":0.5381}",0.39835623499999995,2,방향 맞고 크기 틀림,false,"{""sourceUrl"":""https://api.stock.naver.com/chart/domestic/item/000720/minute?startDateTime=202610021525&endDateTime=202610021545"",""rawHash"":""341e5827ae3fec3974768776a960a2f99d83da3a87131c0763682e89ec935ed4"",""observedAt"":""2026-10-02T13:38:22Z"",""finalClose"":true}",1,2026-10-02T13:38:22Z,v1
score-e301d25c644bd57e,score,2026-10-02,2026-10-02T13:38:22Z,,,"{""forecastId"":""2026-10-01-atlas11-ddcd76430dec96dc"",""inputSnapshotSHA256"":""df5acb97970a7bca13b0e03223b83a27fd5a88da22ebdef75724cf76c09c6fe9"",""collectionRecordId"":""collection-894eda038c0c9b8f""}",2026-10-01-atlas11-ddcd76430dec96dc,atlas11-A-1,live,,2026-10-01T09:53:49Z,2026-10-01,366000,278470,에이피알,cons,2026-10-02,1,true,"{""p05"":343984.8623121856,""p10"":349465.64785699436,""p25"":356895.37846043444,""p50"":365862.4524122801,""p75"":373910.2908085629,""p90"":385074.918541403,""p95"":389285.44789031777}",366000,-137.54758771992056,0.037581308120196874,1.5,true,-0.0003758130812019367,0,down,flat,false,349465.64785699436,385074.918541403,true,9.729308930166301,35609.270684408664,0.09729308930166301,"{""up"":0.47585,""flat"":0.02985,""down"":0.4943}",1.411956735,3,크기 허용·방향 틀림,true,"{""sourceUrl"":""https://api.stock.naver.com/chart/domestic/item/278470/minute?startDateTime=202610021525&endDateTime=202610021545"",""rawHash"":""6fef870ecd1df12a0ffa14d07576d7361778677e10019be0e18616ef09aeb0e6"",""observedAt"":""2026-10-02T13:38:22Z"",""finalClose"":true}",1,2026-10-02T13:38:22Z,v1
score-3e9d861a74603b71,score,2026-10-02,2026-10-02T13:38:22Z,,,"{""forecastId"":""2026-10-01-atlas11-ddcd76430dec96dc"",""inputSnapshotSHA256"":""df5acb97970a7bca13b0e03223b83a27fd5a88da22ebdef75724cf76c09c6fe9"",""collectionRecordId"":""collection-894eda038c0c9b8f""}",2026-10-01-atlas11-ddcd76430dec96dc,atlas11-A-1,live,,2026-10-01T09:53:49Z,2026-10-01,51800,030200,KT,net,2026-10-02,1,true,"{""p05"":50673.44977783028,""p10"":50971.31026755962,""p25"":51355.98000767744,""p50"":51810.12590017338,""p75"":52238.099756957265,""p90"":52666.023069270435,""p95"":53085.65760219389}",51900,-89.87409982662211,0.17316782240196937,1.5,true,0.0001954806983277546,0.0019305019305020377,up,up,true,50971.31026755962,52666.023069270435,true,3.271646335349071,1694.712801710819,0.03271646335349071,"{""up"":0.46755,""flat"":0.0768,""down"":0.45565}",0.49701816499999996,1,방향·크기 모두 맞음,true,"{""sourceUrl"":""https://api.stock.naver.com/chart/domestic/item/030200/minute?startDateTime=202610021525&endDateTime=202610021545"",""rawHash"":""693035bf941d638bf51eb06fc2b389cf9538eba8b7db22dd9c87b37ba0f662b6"",""observedAt"":""2026-10-02T13:38:22Z"",""finalClose"":true}",1,2026-10-02T13:38:22Z,v1
score-ffb72b2f67170aa0,score,2026-10-02,2026-10-02T13:38:22Z,,,"{""forecastId"":""2026-10-01-atlas11-ddcd76430dec96dc"",""inputSnapshotSHA256"":""df5acb97970a7bca13b0e03223b83a27fd5a88da22ebdef75724cf76c09c6fe9"",""collectionRecordId"":""collection-894eda038c0c9b8f""}",2026-10-01-atlas11-ddcd76430dec96dc,atlas11-A-1,live,,2026-10-01T09:53:49Z,2026-10-01,31200,003490,대한항공,auto,2026-10-02,1,true,"{""p05"":29992.53183274569,""p10"":30344.536383793333,""p25"":30732.7385150201,""p50"":31122.963989568234,""p75"":31595.562779876193,""p90"":32123.32555121115,""p95"":32493.055580023163}",30600,522.963989568234,1.7090326456478233,1.5,false,-0.002469102898454034,-0.019230769230769273,down,down,true,30344.536383793333,32123.32555121115,true,5.701247331467362,1778.7891674178172,0.05701247331467363,"{""up"":0.44275,""flat"":0.04065,""down"":0.5166}",0.43135554500000006,2,방향 맞고 크기 틀림,false,"{""sourceUrl"":""https://api.stock.naver.com/chart/domestic/item/003490/minute?startDateTime=202610021525&endDateTime=202610021545"",""rawHash"":""2a0914fb72638c2236b0bb4c5083bf7066d361d849510286d8132b37443dc9a9"",""observedAt"":""2026-10-02T13:38:22Z"",""finalClose"":true}",1,2026-10-02T13:38:22Z,v1
score-e20afb45076498ef,score,2026-10-02,2026-10-02T13:38:22Z,,,"{""forecastId"":""2026-10-01-atlas11-ddcd76430dec96dc"",""inputSnapshotSHA256"":""df5acb97970a7bca13b0e03223b83a27fd5a88da22ebdef75724cf76c09c6fe9"",""collectionRecordId"":""collection-894eda038c0c9b8f""}",2026-10-01-atlas11-ddcd76430dec96dc,atlas11-A-1,live,,2026-10-01T09:53:49Z,2026-10-01,55300,047050,포스코인터내셔널,util,2026-10-02,1,true,"{""p05"":52890.33606290973,""p10"":53310.29389901387,""p25"":54290.5855042029,""p50"":55311.40480012508,""p75"":56260.358630037525,""p90"":57761.70014748418,""p95"":58633.522017020914}",56600,-1288.5951998749224,2.2766699644433257,1.5,false,0.0002062350836360416,0.02350813743218816,up,up,true,53310.29389901387,57761.70014748418,true,8.049559219656981,4451.40624847031,0.0804955921965698,"{""up"":0.4816,""flat"":0.04385,""down"":0.47455}",0.495859085,2,방향 맞고 크기 틀림,true,"{""sourceUrl"":""https://api.stock.naver.com/chart/domestic/item/047050/minute?startDateTime=202610021525&endDateTime=202610021545"",""rawHash"":""51e1ed913fe9ee8596e7e2c8f7ec2dd870a9eec8428fc77df5f0b38599dfc527"",""observedAt"":""2026-10-02T13:38:22Z"",""finalClose"":true}",1,2026-10-02T13:38:22Z,v1
score-989b3c2cf6249721,score,2026-10-02,2026-10-02T13:38:22Z,,,"{""forecastId"":""2026-10-01-atlas11-ddcd76430dec96dc"",""inputSnapshotSHA256"":""df5acb97970a7bca13b0e03223b83a27fd5a88da22ebdef75724cf76c09c6fe9"",""collectionRecordId"":""collection-894eda038c0c9b8f""}",2026-10-01-atlas11-ddcd76430dec96dc,atlas11-A-1,live,,2026-10-01T09:53:49Z,2026-10-01,1224000,003230,삼양식품,cons,2026-10-02,1,true,"{""p05"":1175755.287804653,""p10"":1183153.7983331056,""p25"":1199522.1443397587,""p50"":1219019.3927569473,""p75"":1241713.8284064378,""p90"":1273725.0548596482,""p95"":1294304.200633498}",1211000,8019.392756947316,0.6622124489634448,1.5,true,-0.004069123564585553,-0.0106209150326797,down,down,true,1183153.7983331056,1273725.0548596482,true,7.39961246131884,90571.2565265426,0.0739961246131884,"{""up"":0.42485,""flat"":0.032,""down"":0.54315}",0.390233445,1,방향·크기 모두 맞음,false,"{""sourceUrl"":""https://api.stock.naver.com/chart/domestic/item/003230/minute?startDateTime=202610021525&endDateTime=202610021545"",""rawHash"":""8c51bd63236f2664dce58d787a81cb04e8fee6fd15048ce98fc7642f5175e167"",""observedAt"":""2026-10-02T13:38:22Z"",""finalClose"":true}",1,2026-10-02T13:38:22Z,v1
score-554f23662dcceab5,score,2026-10-02,2026-10-02T13:38:22Z,,,"{""forecastId"":""2026-10-01-atlas11-ddcd76430dec96dc"",""inputSnapshotSHA256"":""df5acb97970a7bca13b0e03223b83a27fd5a88da22ebdef75724cf76c09c6fe9"",""collectionRecordId"":""collection-894eda038c0c9b8f""}",2026-10-01-atlas11-ddcd76430dec96dc,atlas11-A-1,live,,2026-10-01T09:53:49Z,2026-10-01,199700,259960,크래프톤,net,2026-10-02,1,true,"{""p05"":192410.59881897568,""p10"":194861.88485586943,""p25"":197244.97985192205,""p50"":199597.23792469507,""p75"":201922.8358419615,""p90"":204712.07095996058,""p95"":206481.68482542373}",199100,497.23792469507316,0.24974280496990112,1.5,true,-0.0005145822498995312,-0.003004506760140191,down,down,true,194861.88485586943,204712.07095996058,true,4.932491789730169,9850.186104091146,0.04932491789730169,"{""up"":0.4587,""flat"":0.04835,""down"":0.49295}",0.46984311500000003,1,방향·크기 모두 맞음,true,"{""sourceUrl"":""https://api.stock.naver.com/chart/domestic/item/259960/minute?startDateTime=202610021525&endDateTime=202610021545"",""rawHash"":""939d3d9a78cee752e72166174b630050a4cab88c8386e594d0d86e19f112706e"",""observedAt"":""2026-10-02T13:38:22Z"",""finalClose"":true}",1,2026-10-02T13:38:22Z,v1
score-bf21686903a4aaa8,score,2026-10-02,2026-10-02T13:38:22Z,,,"{""forecastId"":""2026-10-01-atlas11-ddcd76430dec96dc"",""inputSnapshotSHA256"":""df5acb97970a7bca13b0e03223b83a27fd5a88da22ebdef75724cf76c09c6fe9"",""collectionRecordId"":""collection-894eda038c0c9b8f""}",2026-10-01-atlas11-ddcd76430dec96dc,atlas11-A-1,live,,2026-10-01T09:53:49Z,2026-10-01,99300,021240,코웨이,cons,2026-10-02,1,true,"{""p05"":95877.58176550794,""p10"":96713.21141318088,""p25"":98017.76508344726,""p50"":99241.00067848936,""p75"":100618.42080567362,""p90"":102459.6469654497,""p95"":104449.57390499454}",101600,-2358.999321510637,2.3218497258962962,1.5,false,-0.0005941522810738453,0.023162134944612278,down,up,false,96713.21141318088,102459.6469654497,true,5.786944161398617,5746.435552268827,0.057869441613986175,"{""up"":0.46795,""flat"":0.0406,""down"":0.49145}",0.526248665,4,방향·크기 모두 틀림,true,"{""sourceUrl"":""https://api.stock.naver.com/chart/domestic/item/021240/minute?startDateTime=202610021525&endDateTime=202610021545"",""rawHash"":""e37b09fed876f9e3128311ec05accac1c991f247807673b4834bfcece21cfb70"",""observedAt"":""2026-10-02T13:38:22Z"",""finalClose"":true}",1,2026-10-02T13:38:22Z,v1
score-e957541a92a3cb76,score,2026-10-02,2026-10-02T13:38:22Z,,,"{""forecastId"":""2026-10-01-atlas11-ddcd76430dec96dc"",""inputSnapshotSHA256"":""df5acb97970a7bca13b0e03223b83a27fd5a88da22ebdef75724cf76c09c6fe9"",""collectionRecordId"":""collection-894eda038c0c9b8f""}",2026-10-01-atlas11-ddcd76430dec96dc,atlas11-A-1,live,,2026-10-01T09:53:49Z,2026-10-01,156200,352820,하이브,net,2026-10-02,1,true,"{""p05"":150329.18090794777,""p10"":152345.57965473342,""p25"":153921.49555017907,""p50"":156166.3163035133,""p75"":158451.27082532868,""p90"":161067.71748752645,""p95"":162814.70003261234}",155300,866.3163035133039,0.5578340653659394,1.5,true,-0.00021564466380730174,-0.005761843790012766,down,down,true,152345.57965473342,161067.71748752645,true,5.583955078612695,8722.137832793029,0.05583955078612694,"{""up"":0.4715,""flat"":0.0392,""down"":0.4893}",0.48466338,1,방향·크기 모두 맞음,true,"{""sourceUrl"":""https://api.stock.naver.com/chart/domestic/item/352820/minute?startDateTime=202610021525&endDateTime=202610021545"",""rawHash"":""92cdc9a641400a7fc0370f2071d6dcbc038111c8a0617c523ffcb8b7056501d6"",""observedAt"":""2026-10-02T13:38:22Z"",""finalClose"":true}",1,2026-10-02T13:38:22Z,v1
score-fc7cb8d7204900fc,score,2026-10-02,2026-10-02T13:38:22Z,,,"{""forecastId"":""2026-10-01-atlas11-ddcd76430dec96dc"",""inputSnapshotSHA256"":""df5acb97970a7bca13b0e03223b83a27fd5a88da22ebdef75724cf76c09c6fe9"",""collectionRecordId"":""collection-894eda038c0c9b8f""}",2026-10-01-atlas11-ddcd76430dec96dc,atlas11-A-1,live,,2026-10-01T09:53:49Z,2026-10-01,34250,009830,한화솔루션,chem,2026-10-02,1,true,"{""p05"":31948.65042152691,""p10"":32580.632018012016,""p25"":33368.203795593276,""p50"":34191.47844071918,""p75"":34900.499768268106,""p90"":36220.46988628265,""p95"":36958.49399938747}",36100,-1908.5215592808236,5.286763322107545,1.5,false,-0.0017086586651335889,0.0540145985401459,down,up,false,32580.632018012016,36220.46988628265,true,10.627263848965347,3639.8378682706316,0.10627263848965347,"{""up"":0.4592,""flat"":0.0318,""down"":0.509}",0.55255688,4,방향·크기 모두 틀림,true,"{""sourceUrl"":""https://api.stock.naver.com/chart/domestic/item/009830/minute?startDateTime=202610021525&endDateTime=202610021545"",""rawHash"":""4065c54f0b77997e38addf8dcb6d3206d610cd36ed82a6e00538ee16efb36fb7"",""observedAt"":""2026-10-02T13:38:22Z"",""finalClose"":true}",1,2026-10-02T13:38:22Z,v1
score-a923fdaf2b748f1f,score,2026-10-02,2026-10-02T13:38:22Z,,,"{""forecastId"":""2026-10-01-atlas11-ddcd76430dec96dc"",""inputSnapshotSHA256"":""df5acb97970a7bca13b0e03223b83a27fd5a88da22ebdef75724cf76c09c6fe9"",""collectionRecordId"":""collection-894eda038c0c9b8f""}",2026-10-01-atlas11-ddcd76430dec96dc,atlas11-A-1,live,,2026-10-01T09:53:49Z,2026-10-01,41850,029780,삼성카드,fin,2026-10-02,1,true,"{""p05"":40776.58424105994,""p10"":41138.25743437106,""p25"":41507.048390043565,""p50"":41835.13877968356,""p75"":42212.398206759106,""p90"":42597.72744283368,""p95"":42815.63320895086}",41950,-114.86122031643754,0.27380505438960084,1.5,true,-0.00035510681759709506,0.002389486260454099,up,up,true,41138.25743437106,42597.72744283368,true,3.4873835327661267,1459.4700084626238,0.034873835327661265,"{""up"":0.4676,""flat"":0.0649,""down"":0.4675}",0.50621802,1,방향·크기 모두 맞음,true,"{""sourceUrl"":""https://api.stock.naver.com/chart/domestic/item/029780/minute?startDateTime=202610021525&endDateTime=202610021545"",""rawHash"":""2d54d07c882d26a2d98be4e93c6ad5289867f35d5c80c6c609774541d224d7b4"",""observedAt"":""2026-10-02T13:38:22Z"",""finalClose"":true}",1,2026-10-02T13:38:22Z,v1
score-a86928387a75448c,score,2026-10-02,2026-10-02T13:38:22Z,,,"{""forecastId"":""2026-10-01-atlas11-ddcd76430dec96dc"",""inputSnapshotSHA256"":""df5acb97970a7bca13b0e03223b83a27fd5a88da22ebdef75724cf76c09c6fe9"",""collectionRecordId"":""collection-894eda038c0c9b8f""}",2026-10-01-atlas11-ddcd76430dec96dc,atlas11-A-1,live,,2026-10-01T09:53:49Z,2026-10-01,40550,028300,HLB,bio,2026-10-02,1,true,"{""p05"":38250.94603625893,""p10"":38863.97885338727,""p25"":39606.09007919723,""p50"":40411.33056379881,""p75"":41143.70982605324,""p90"":42197.2196914036,""p95"":42922.32658338663}",40450,-38.669436201191274,0.09559811174583752,1.5,true,-0.003419714826169984,-0.002466091245376112,down,down,true,38863.97885338727,42197.2196914036,true,8.220076049362103,3333.2408380163324,0.08220076049362102,"{""up"":0.4251,""flat"":0.0369,""down"":0.538}",0.39551561999999996,1,방향·크기 모두 맞음,false,"{""sourceUrl"":""https://api.stock.naver.com/chart/domestic/item/028300/minute?startDateTime=202610021525&endDateTime=202610021545"",""rawHash"":""0004ef804f31a9e48589f72393b82236829705f283f415891d101fc9d701052d"",""observedAt"":""2026-10-02T13:38:22Z"",""finalClose"":true}",1,2026-10-02T13:38:22Z,v1
score-62a6416bbda49810,score,2026-10-02,2026-10-02T13:38:22Z,,,"{""forecastId"":""2026-10-01-atlas11-ddcd76430dec96dc"",""inputSnapshotSHA256"":""df5acb97970a7bca13b0e03223b83a27fd5a88da22ebdef75724cf76c09c6fe9"",""collectionRecordId"":""collection-894eda038c0c9b8f""}",2026-10-01-atlas11-ddcd76430dec96dc,atlas11-A-1,live,,2026-10-01T09:53:49Z,2026-10-01,8580,034220,LG디스플레이,semi,2026-10-02,1,true,"{""p05"":8232.4493777955,""p10"":8345.805848261953,""p25"":8448.711774342804,""p50"":8580.901773632473,""p75"":8687.31231134741,""p90"":8818.889373771795,""p95"":8920.846861353906}",8570,10.901773632473123,0.12720856047226517,1.5,true,0.00010510182196665774,-0.0011655011655011815,down,down,true,8345.805848261953,8818.889373771795,true,5.5137940036112205,473.08352550984273,0.05513794003611221,"{""up"":0.4754,""flat"":0.0373,""down"":0.4873}",0.4902577399999999,1,방향·크기 모두 맞음,true,"{""sourceUrl"":""https://api.stock.naver.com/chart/domestic/item/034220/minute?startDateTime=202610021525&endDateTime=202610021545"",""rawHash"":""537ba94bc46e685fcd9a0152dd598fef2dbf9e9c0b9e8ab890de5dc4f03f731d"",""observedAt"":""2026-10-02T13:38:22Z"",""finalClose"":true}",1,2026-10-02T13:38:22Z,v1
score-707e6e51b8c26627,score,2026-10-02,2026-10-02T13:38:22Z,,,"{""forecastId"":""2026-10-01-atlas11-ddcd76430dec96dc"",""inputSnapshotSHA256"":""df5acb97970a7bca13b0e03223b83a27fd5a88da22ebdef75724cf76c09c6fe9"",""collectionRecordId"":""collection-894eda038c0c9b8f""}",2026-10-01-atlas11-ddcd76430dec96dc,atlas11-A-1,live,,2026-10-01T09:53:49Z,2026-10-01,472500,002380,KCC,chem,2026-10-02,1,true,"{""p05"":454599.53533193684,""p10"":459866.285160776,""p25"":466484.6727663015,""p50"":472162.01712473895,""p75"":478586.0855873799,""p90"":486674.4246901934,""p95"":492016.30351435125}",472000,162.01712473895168,0.034325662020964334,1.5,true,-0.000715307672510157,-0.0010582010582010914,down,down,true,459866.285160776,486674.4246901934,true,5.673680323686219,26808.139529417385,0.05673680323686219,"{""up"":0.47015,""flat"":0.0517,""down"":0.47815}",0.4960413349999999,1,방향·크기 모두 맞음,true,"{""sourceUrl"":""https://api.stock.naver.com/chart/domestic/item/002380/minute?startDateTime=202610021525&endDateTime=202610021545"",""rawHash"":""04efeab88222d3b521874da109d32b037a737d91b8aaf4a0b2767ab265210a25"",""observedAt"":""2026-10-02T13:38:22Z"",""finalClose"":true}",1,2026-10-02T13:38:22Z,v1
score-ebc561dec2b37e14,score,2026-10-02,2026-10-02T13:38:22Z,,,"{""forecastId"":""2026-10-01-atlas11-ddcd76430dec96dc"",""inputSnapshotSHA256"":""df5acb97970a7bca13b0e03223b83a27fd5a88da22ebdef75724cf76c09c6fe9"",""collectionRecordId"":""collection-894eda038c0c9b8f""}",2026-10-01-atlas11-ddcd76430dec96dc,atlas11-A-1,live,,2026-10-01T09:53:49Z,2026-10-01,35250,036460,한국가스공사,util,2026-10-02,1,true,"{""p05"":34245.283806305655,""p10"":34539.77957525848,""p25"":34871.742753016195,""p50"":35205.597873478146,""p75"":35563.10652775681,""p90"":35894.80176446752,""p95"":36139.625803064584}",36000,-794.4021265218544,2.206672573671818,1.5,false,-0.001259634794946174,0.02127659574468077,down,up,false,34539.77957525848,35894.80176446752,false,3.8440345793164292,2407.00454453384,0.06828381686620823,"{""up"":0.44315,""flat"":0.05405,""down"":0.5028}",0.5658111650000001,4,방향·크기 모두 틀림,false,"{""sourceUrl"":""https://api.stock.naver.com/chart/domestic/item/036460/minute?startDateTime=202610021525&endDateTime=202610021545"",""rawHash"":""89bfa7c253e9f455bea404afc2d99298d2acd41fa36d4798dc29107ba4d63d55"",""observedAt"":""2026-10-02T13:38:22Z"",""finalClose"":true}",1,2026-10-02T13:38:22Z,v1
score-f4dfe3c158e03382,score,2026-10-02,2026-10-02T13:38:22Z,,,"{""forecastId"":""2026-10-01-atlas11-ddcd76430dec96dc"",""inputSnapshotSHA256"":""df5acb97970a7bca13b0e03223b83a27fd5a88da22ebdef75724cf76c09c6fe9"",""collectionRecordId"":""collection-894eda038c0c9b8f""}",2026-10-01-atlas11-ddcd76430dec96dc,atlas11-A-1,live,,2026-10-01T09:53:49Z,2026-10-01,333500,004170,신세계,cons,2026-10-02,1,true,"{""p05"":317325.13587323664,""p10"":321538.2534359217,""p25"":328311.206645795,""p50"":333260.5727141329,""p75"":338959.4938252582,""p90"":346463.4075120828,""p95"":351836.58517363435}",332000,1260.572714132897,0.3796905765460533,1.5,true,-0.0007179228961532447,-0.004497751124437732,down,down,true,321538.2534359217,346463.4075120828,true,7.473809318189234,24925.154076161096,0.07473809318189234,"{""up"":0.46905,""flat"":0.0347,""down"":0.49625}",0.47497605499999995,1,방향·크기 모두 맞음,true,"{""sourceUrl"":""https://api.stock.naver.com/chart/domestic/item/004170/minute?startDateTime=202610021525&endDateTime=202610021545"",""rawHash"":""74c6bcfe6a1ee6ed5aad3be91106fbb528819f788b45bdf52337d75fdec78693"",""observedAt"":""2026-10-02T13:38:22Z"",""finalClose"":true}",1,2026-10-02T13:38:22Z,v1
score-73204223204b4aa2,score,2026-10-02,2026-10-02T13:38:22Z,,,"{""forecastId"":""2026-10-01-atlas11-ddcd76430dec96dc"",""inputSnapshotSHA256"":""df5acb97970a7bca13b0e03223b83a27fd5a88da22ebdef75724cf76c09c6fe9"",""collectionRecordId"":""collection-894eda038c0c9b8f""}",2026-10-01-atlas11-ddcd76430dec96dc,atlas11-A-1,live,,2026-10-01T09:53:49Z,2026-10-01,83200,012750,에스원,util,2026-10-02,1,true,"{""p05"":80725.08741260333,""p10"":81295.8667817274,""p25"":82384.80415263661,""p50"":83216.49510290296,""p75"":84056.07583778416,""p90"":85067.5025430228,""p95"":85718.62860213895}",83100,116.49510290296166,0.1401866460926133,1.5,true,0.00019825844835286155,-0.0012019230769231282,up,down,false,81295.8667817274,85067.5025430228,true,4.5332160592492805,3771.6357612954016,0.04533216059249281,"{""up"":0.4648,""flat"":0.0963,""down"":0.4389}",0.5401459399999999,3,크기 허용·방향 틀림,true,"{""sourceUrl"":""https://api.stock.naver.com/chart/domestic/item/012750/minute?startDateTime=202610021525&endDateTime=202610021545"",""rawHash"":""ccf385f532b01e3ecfdadbf90afb5ba6e17881aa68c3dfbf45ec181e9e3b37af"",""observedAt"":""2026-10-02T13:38:22Z"",""finalClose"":true}",1,2026-10-02T13:38:22Z,v1
score-25eb0e8583b55209,score,2026-10-02,2026-10-02T13:38:22Z,,,"{""forecastId"":""2026-10-01-atlas11-ddcd76430dec96dc"",""inputSnapshotSHA256"":""df5acb97970a7bca13b0e03223b83a27fd5a88da22ebdef75724cf76c09c6fe9"",""collectionRecordId"":""collection-894eda038c0c9b8f""}",2026-10-01-atlas11-ddcd76430dec96dc,atlas11-A-1,live,,2026-10-01T09:53:49Z,2026-10-01,69300,111770,영원무역,cons,2026-10-02,1,true,"{""p05"":66852.06911627394,""p10"":67543.85462859807,""p25"":68507.2595631233,""p50"":69394.95436682526,""p75"":70294.20321791166,""p90"":71364.14412866154,""p95"":71954.26140153129}",66800,2594.954366825259,3.884662225786316,1.5,false,0.0013701928834812804,-0.03607503607503604,up,down,false,67543.85462859807,71364.14412866154,false,5.512683261274855,11258.835786044176,0.16246516285778032,"{""up"":0.5121,""flat"":0.0444,""down"":0.4435}",0.57391002,4,방향·크기 모두 틀림,false,"{""sourceUrl"":""https://api.stock.naver.com/chart/domestic/item/111770/minute?startDateTime=202610021525&endDateTime=202610021545"",""rawHash"":""f47d2117c6e8b889b0a8614be6907b5345b393ccd85cb23e23687b1ae377a336"",""observedAt"":""2026-10-02T13:38:22Z"",""finalClose"":true}",1,2026-10-02T13:38:22Z,v1
score-c2496599107c8386,score,2026-10-02,2026-10-02T13:38:22Z,,,"{""forecastId"":""2026-10-01-atlas11-ddcd76430dec96dc"",""inputSnapshotSHA256"":""df5acb97970a7bca13b0e03223b83a27fd5a88da22ebdef75724cf76c09c6fe9"",""collectionRecordId"":""collection-894eda038c0c9b8f""}",2026-10-01-atlas11-ddcd76430dec96dc,atlas11-A-1,live,,2026-10-01T09:53:49Z,2026-10-01,14270,035250,강원랜드,cons,2026-10-02,1,true,"{""p05"":14003.450315809117,""p10"":14084.262596234686,""p25"":14173.555792689998,""p50"":14273.03533046192,""p75"":14369.786182760801,""p90"":14478.506193614528,""p95"":14546.45426260176}",14290,-16.96466953807976,0.11871707164506481,1.5,true,0.00021270711015564103,0.0014015416958654825,up,up,true,14084.262596234686,14478.506193614528,true,2.762744200279201,394.24359737984196,0.027627442002792008,"{""up"":0.4709,""flat"":0.06645,""down"":0.46265}",0.498407435,1,방향·크기 모두 맞음,true,"{""sourceUrl"":""https://api.stock.naver.com/chart/domestic/item/035250/minute?startDateTime=202610021525&endDateTime=202610021545"",""rawHash"":""f532cd213631ae0c644d58287fea40a44b12d613d36d4643ebaa01a3af286879"",""observedAt"":""2026-10-02T13:38:22Z"",""finalClose"":true}",1,2026-10-02T13:38:22Z,v1
score-52d706c0e7a96f8d,score,2026-10-02,2026-10-02T13:38:22Z,,,"{""forecastId"":""2026-10-01-atlas11-ddcd76430dec96dc"",""inputSnapshotSHA256"":""df5acb97970a7bca13b0e03223b83a27fd5a88da22ebdef75724cf76c09c6fe9"",""collectionRecordId"":""collection-894eda038c0c9b8f""}",2026-10-01-atlas11-ddcd76430dec96dc,atlas11-A-1,live,,2026-10-01T09:53:49Z,2026-10-01,38300,257720,실리콘투,cons,2026-10-02,1,true,"{""p05"":36098.42870244237,""p10"":36593.631697740326,""p25"":37397.835482260234,""p50"":38156.28828828101,""p75"":39068.82745873769,""p90"":39959.52283040231,""p95"":40696.7316056899}",37100,1056.2882882810081,2.8471382433450354,1.5,false,-0.0037522640135506657,-0.031331592689295085,down,down,true,36593.631697740326,39959.52283040231,true,8.78822750042294,3365.8911326619855,0.08788227500422939,"{""up"":0.437,""flat"":0.01885,""down"":0.54415}",0.399123545,2,방향 맞고 크기 틀림,false,"{""sourceUrl"":""https://api.stock.naver.com/chart/domestic/item/257720/minute?startDateTime=202610021525&endDateTime=202610021545"",""rawHash"":""0e09fd368388e383bdbbc211fe8c4b0109900f6735f60512adcf819dcfa10a83"",""observedAt"":""2026-10-02T13:38:22Z"",""finalClose"":true}",1,2026-10-02T13:38:22Z,v1
score-ca3711147582efc6,score,2026-10-02,2026-10-02T13:38:22Z,,,"{""forecastId"":""2026-10-01-atlas11-ddcd76430dec96dc"",""inputSnapshotSHA256"":""df5acb97970a7bca13b0e03223b83a27fd5a88da22ebdef75724cf76c09c6fe9"",""collectionRecordId"":""collection-894eda038c0c9b8f""}",2026-10-01-atlas11-ddcd76430dec96dc,atlas11-A-1,live,,2026-10-01T09:53:49Z,2026-10-01,116900,226950,올릭스,bio,2026-10-02,1,true,"{""p05"":106002.89993506,""p10"":108218.11273458261,""p25"":111990.215330397,""p50"":116432.79916483643,""p75"":121559.88899635742,""p90"":126627.93881853102,""p95"":132015.67533079404}",116800,-367.2008351635741,0.3143842766811422,1.5,true,-0.003996585416283782,-0.0008554319931565191,down,flat,false,108218.11273458261,126627.93881853102,true,15.748354220657326,18409.826083948414,0.15748354220657326,"{""up"":0.45655,""flat"":0.0084,""down"":0.53505}",1.4779869650000002,3,크기 허용·방향 틀림,false,"{""sourceUrl"":""https://api.stock.naver.com/chart/domestic/item/226950/minute?startDateTime=202610021525&endDateTime=202610021545"",""rawHash"":""f96a7ede812814ae8cc90dd6b6f0bb6a6d1481e36ac29f6f6d3187c7429c2f64"",""observedAt"":""2026-10-02T13:38:22Z"",""finalClose"":true}",1,2026-10-02T13:38:22Z,v1
score-83bd96ad935834d0,score,2026-10-02,2026-10-02T13:38:22Z,,,"{""forecastId"":""2026-10-01-atlas11-ddcd76430dec96dc"",""inputSnapshotSHA256"":""df5acb97970a7bca13b0e03223b83a27fd5a88da22ebdef75724cf76c09c6fe9"",""collectionRecordId"":""collection-894eda038c0c9b8f""}",2026-10-01-atlas11-ddcd76430dec96dc,atlas11-A-1,live,,2026-10-01T09:53:49Z,2026-10-01,17000,010170,대한광통신,semi,2026-10-02,1,true,"{""p05"":15792.530639324124,""p10"":16078.726359379083,""p25"":16491.98541189204,""p50"":16874.521068007583,""p75"":17378.246062173035,""p90"":18182.35986255605,""p95"":18944.569016382477}",17800,-925.4789319924166,5.199319842654026,1.5,false,-0.007381113646612758,0.04705882352941182,down,up,false,16078.726359379083,18182.35986255605,true,12.374314724570404,2103.6335031769686,0.12374314724570404,"{""up"":0.40955,""flat"":0.01565,""down"":0.5748}",0.6792711649999998,4,방향·크기 모두 틀림,false,"{""sourceUrl"":""https://api.stock.naver.com/chart/domestic/item/010170/minute?startDateTime=202610021525&endDateTime=202610021545"",""rawHash"":""0786d21862c5b0fe603208a2096ea200045cc1cfb7a6d7980a0b9e5b44d8cae9"",""observedAt"":""2026-10-02T13:38:22Z"",""finalClose"":true}",1,2026-10-02T13:38:22Z,v1
score-b741bec76409bc02,score,2026-10-02,2026-10-02T13:38:22Z,,,"{""forecastId"":""2026-10-01-atlas11-ddcd76430dec96dc"",""inputSnapshotSHA256"":""df5acb97970a7bca13b0e03223b83a27fd5a88da22ebdef75724cf76c09c6fe9"",""collectionRecordId"":""collection-894eda038c0c9b8f""}",2026-10-01-atlas11-ddcd76430dec96dc,atlas11-A-1,live,,2026-10-01T09:53:49Z,2026-10-01,43150,214370,케어젠,bio,2026-10-02,1,true,"{""p05"":40373.14809168721,""p10"":41125.82005062531,""p25"":42039.10717675628,""p50"":42980.728512795395,""p75"":44115.89234382948,""p90"":45326.596702035145,""p95"":46693.72652555731}",42550,430.72851279539464,1.012287926663677,1.5,true,-0.003922861812389433,-0.01390498261877171,down,down,true,41125.82005062531,45326.596702035145,true,9.735287720532638,4200.776651409833,0.09735287720532637,"{""up"":0.4415,""flat"":0.02205,""down"":0.53645}",0.410287055,1,방향·크기 모두 맞음,false,"{""sourceUrl"":""https://api.stock.naver.com/chart/domestic/item/214370/minute?startDateTime=202610021525&endDateTime=202610021545"",""rawHash"":""dcfdac48a0216d7f4603f2ac0fa6ce337de860639eb6fe331127f55551c6c511"",""observedAt"":""2026-10-02T13:38:22Z"",""finalClose"":true}",1,2026-10-02T13:38:22Z,v1
score-c1687f8883c7c491,score,2026-10-02,2026-10-02T13:38:22Z,,,"{""forecastId"":""2026-10-01-atlas11-ddcd76430dec96dc"",""inputSnapshotSHA256"":""df5acb97970a7bca13b0e03223b83a27fd5a88da22ebdef75724cf76c09c6fe9"",""collectionRecordId"":""collection-894eda038c0c9b8f""}",2026-10-01-atlas11-ddcd76430dec96dc,atlas11-A-1,live,,2026-10-01T09:53:49Z,2026-10-01,18740,030000,제일기획,net,2026-10-02,1,true,"{""p05"":18251.327167872747,""p10"":18382.79659963758,""p25"":18573.37608718975,""p50"":18747.902003829928,""p75"":18922.114044740774,""p90"":19123.972456423784,""p95"":19237.988386560643}",18700,47.90200382992771,0.25616044828838347,1.5,true,0.0004216650923121179,-0.002134471718249764,up,down,false,18382.79659963758,19123.972456423784,true,3.9550472613991743,741.1758567862053,0.03955047261399174,"{""up"":0.48315,""flat"":0.0693,""down"":0.44755}",0.543437415,3,크기 허용·방향 틀림,true,"{""sourceUrl"":""https://api.stock.naver.com/chart/domestic/item/030000/minute?startDateTime=202610021525&endDateTime=202610021545"",""rawHash"":""0dc7154d6d278247f1dbce448cc758e8c3e7449ceeaec8d22007f37f196dbb69"",""observedAt"":""2026-10-02T13:38:22Z"",""finalClose"":true}",1,2026-10-02T13:38:22Z,v1
