series,N,start,end,cagr_nominal
kospi_price,10,1979*,1989,0.24707
kospi_price,10,1981,1991,0.166197
kospi_price,10,1982,1992,0.18058
kospi_price,10,1983,1993,0.217326
kospi_price,10,1984,1994,0.218438
kospi_price,10,1985,1995,0.183793
kospi_price,10,1986,1996,0.090985
kospi_price,10,1987,1997,-0.03277
kospi_price,10,1988,1998,-0.04668
kospi_price,10,1989,1999,0.012305
kospi_price,10,1990,2000,-0.031658
kospi_price,10,1991,2001,0.012788
kospi_price,10,1992,2002,-0.007767
kospi_price,10,1993,2003,-0.006596
kospi_price,10,1994,2004,-0.013597
kospi_price,10,1995,2005,0.045623
kospi_price,10,1996,2006,0.082171
kospi_price,10,1997,2007,0.175588
kospi_price,10,1998,2008,0.071731
kospi_price,10,1999,2009,0.05051
kospi_price,10,2000,2010,0.150536
kospi_price,10,2001,2011,0.101607
kospi_price,10,2002,2012,0.122727
kospi_price,10,2003,2013,0.095121
kospi_price,10,2004,2014,0.078955
kospi_price,10,2005,2015,0.035825
kospi_price,10,2006,2016,0.035154
kospi_price,10,2007,2017,0.026634
kospi_price,10,2008,2018,0.061428
kospi_price,10,2009,2019,0.027055
kospi_price,10,2010,2020,0.034294
kospi_price,10,2011,2021,0.050131
kospi_price,10,2012,2022,0.011384
kospi_price,10,2013,2023,0.028164
kospi_price,10,2014,2024,0.022779
kospi_price,10,2015,2025,0.079485
kospi_price,20,1979*,1999,0.123573
kospi_price,20,1981,2001,0.086789
kospi_price,20,1982,2002,0.082317
kospi_price,20,1983,2003,0.09968
kospi_price,20,1984,2004,0.096298
kospi_price,20,1985,2005,0.112565
kospi_price,20,1986,2006,0.086569
kospi_price,20,1987,2007,0.066332
kospi_price,20,1988,2008,0.010793
kospi_price,20,1989,2009,0.031231
kospi_price,20,1990,2010,0.055515
kospi_price,20,1991,2011,0.056265
kospi_price,20,1992,2012,0.055465
kospi_price,20,1993,2013,0.043023
kospi_price,20,1994,2014,0.031641
kospi_price,20,1995,2015,0.040712
kospi_price,20,1996,2016,0.058402
kospi_price,20,1997,2017,0.09859
kospi_price,20,1998,2018,0.066567
kospi_price,20,1999,2019,0.038716
kospi_price,20,2000,2020,0.090868
kospi_price,20,2001,2021,0.075561
kospi_price,20,2002,2022,0.065602
kospi_price,20,2003,2023,0.061114
kospi_price,20,2004,2024,0.050491
kospi_price,20,2005,2025,0.05743
kospi_price,30,1979*,2009,0.098671
kospi_price,30,1981,2011,0.091706
kospi_price,30,1982,2012,0.095623
kospi_price,30,1983,2013,0.098158
kospi_price,30,1984,2014,0.090487
kospi_price,30,1985,2015,0.086373
kospi_price,30,1986,2016,0.069153
kospi_price,30,1987,2017,0.052932
kospi_price,30,1988,2018,0.027397
kospi_price,30,1989,2019,0.029837
kospi_price,30,1990,2020,0.048393
kospi_price,30,1991,2021,0.054216
kospi_price,30,1992,2022,0.040562
kospi_price,30,1993,2023,0.038046
kospi_price,30,1994,2024,0.028679
kospi_price,30,1995,2025,0.053479
kospi_with_div,10,1979*,1989,0.261898
kospi_with_div,10,1981,1991,0.180064
kospi_with_div,10,1982,1992,0.194618
kospi_with_div,10,1983,1993,0.231801
kospi_with_div,10,1984,1994,0.232926
kospi_with_div,10,1985,1995,0.197869
kospi_with_div,10,1986,1996,0.103957
kospi_with_div,10,1987,1997,-0.02127
kospi_with_div,10,1988,1998,-0.035344
kospi_with_div,10,1989,1999,0.024342
kospi_with_div,10,1990,2000,-0.020144
kospi_with_div,10,1991,2001,0.024831
kospi_with_div,10,1992,2002,0.004031
kospi_with_div,10,1993,2003,0.005216
kospi_with_div,10,1994,2004,-0.001869
kospi_with_div,10,1995,2005,0.058055
kospi_with_div,10,1996,2006,0.095039
kospi_with_div,10,1997,2007,0.189566
kospi_with_div,10,1998,2008,0.084474
kospi_with_div,10,1999,2009,0.063001
kospi_with_div,10,2000,2010,0.164216
kospi_with_div,10,2001,2011,0.114706
kospi_with_div,10,2002,2012,0.136076
kospi_with_div,10,2003,2013,0.108142
kospi_with_div,10,2004,2014,0.091784
kospi_with_div,10,2005,2015,0.048142
kospi_with_div,10,2006,2016,0.047462
kospi_with_div,10,2007,2017,0.038841
kospi_with_div,10,2008,2018,0.074048
kospi_with_div,10,2009,2019,0.039267
kospi_with_div,10,2010,2020,0.046592
kospi_with_div,10,2011,2021,0.062617
kospi_with_div,10,2012,2022,0.02341
kospi_with_div,10,2013,2023,0.040389
kospi_with_div,10,2014,2024,0.03494
kospi_with_div,10,2015,2025,0.09232
kospi_with_div,20,1979*,1999,0.136932
kospi_with_div,20,1981,2001,0.099712
kospi_with_div,20,1982,2002,0.095186
kospi_with_div,20,1983,2003,0.112756
kospi_with_div,20,1984,2004,0.109334
kospi_with_div,20,1985,2005,0.125794
kospi_with_div,20,1986,2006,0.099489
kospi_with_div,20,1987,2007,0.079011
kospi_with_div,20,1988,2008,0.022812
kospi_with_div,20,1989,2009,0.043492
kospi_with_div,20,1990,2010,0.068065
kospi_with_div,20,1991,2011,0.068824
kospi_with_div,20,1992,2012,0.068015
kospi_with_div,20,1993,2013,0.055425
kospi_with_div,20,1994,2014,0.043908
kospi_with_div,20,1995,2015,0.053087
kospi_with_div,20,1996,2016,0.070986
kospi_with_div,20,1997,2017,0.111652
kospi_with_div,20,1998,2018,0.079248
kospi_with_div,20,1999,2019,0.051067
kospi_with_div,20,2000,2020,0.103839
kospi_with_div,20,2001,2021,0.08835
kospi_with_div,20,2002,2022,0.078272
kospi_with_div,20,2003,2023,0.073732
kospi_with_div,20,2004,2024,0.062982
kospi_with_div,20,2005,2025,0.070003
kospi_with_div,30,1979*,2009,0.111734
kospi_with_div,30,1981,2011,0.104687
kospi_with_div,30,1982,2012,0.10865
kospi_with_div,30,1983,2013,0.111216
kospi_with_div,30,1984,2014,0.103453
kospi_with_div,30,1985,2015,0.099291
kospi_with_div,30,1986,2016,0.081866
kospi_with_div,30,1987,2017,0.065451
kospi_with_div,30,1988,2018,0.039613
kospi_with_div,30,1989,2019,0.042082
kospi_with_div,30,1990,2020,0.060859
kospi_with_div,30,1991,2021,0.066751
kospi_with_div,30,1992,2022,0.052935
kospi_with_div,30,1993,2023,0.050389
kospi_with_div,30,1994,2024,0.04091
kospi_with_div,30,1995,2025,0.066006
kosdaq_price,10,1999,2009,-0.147838
kosdaq_price,10,2000,2010,-0.00088
kosdaq_price,10,2001,2011,-0.034326
kosdaq_price,10,2002,2012,0.012967
kosdaq_price,10,2003,2013,0.014582
kosdaq_price,10,2004,2014,0.039416
kosdaq_price,10,2005,2015,-0.000181
kosdaq_price,10,2006,2016,0.005676
kosdaq_price,10,2007,2017,0.013316
kosdaq_price,10,2008,2018,0.074361
kosdaq_price,10,2009,2019,0.024982
kosdaq_price,10,2010,2020,0.062275
kosdaq_price,10,2011,2021,0.07231
kosdaq_price,10,2012,2022,0.029805
kosdaq_price,10,2013,2023,0.053911
kosdaq_price,10,2014,2024,0.020442
kosdaq_price,10,2015,2025,0.02997
kosdaq_price,20,1999,2019,-0.065414
kosdaq_price,20,2000,2020,0.030214
kosdaq_price,20,2001,2021,0.017596
kosdaq_price,20,2002,2022,0.021351
kosdaq_price,20,2003,2023,0.034059
kosdaq_price,20,2004,2024,0.029885
kosdaq_price,20,2005,2025,0.014783
samsung,10,1995,2005,0.218347
samsung,10,1996,2006,0.315532
samsung,10,1997,2007,0.321181
samsung,10,1998,2008,0.192901
samsung,10,1999,2009,0.116263
samsung,10,2000,2010,0.196357
samsung,10,2001,2011,0.142584
samsung,10,2002,2012,0.170977
samsung,10,2003,2013,0.117681
samsung,10,2004,2014,0.114083
samsung,10,2005,2015,0.066961
samsung,10,2006,2016,0.113857
samsung,10,2007,2017,0.164428
samsung,10,2008,2018,0.156779
samsung,10,2009,2019,0.133198
samsung,10,2010,2020,0.156163
samsung,10,2011,2021,0.139789
samsung,10,2012,2022,0.06152
samsung,10,2013,2023,0.110832
samsung,10,2014,2024,0.072016
samsung,10,2015,2025,0.168804
samsung,20,1995,2015,0.140144
samsung,20,1996,2016,0.210502
samsung,20,1997,2017,0.240331
samsung,20,1998,2018,0.174701
samsung,20,1999,2019,0.124699
samsung,20,2000,2020,0.176088
samsung,20,2001,2021,0.141186
samsung,20,2002,2022,0.114906
samsung,20,2003,2023,0.114251
samsung,20,2004,2024,0.092847
samsung,20,2005,2025,0.116722
samsung,30,1995,2025,0.149619
skhynix,10,1997,2007,-0.208173
skhynix,10,1998,2008,-0.343198
skhynix,10,1999,2009,-0.265433
skhynix,10,2000,2010,-0.118296
skhynix,10,2001,2011,-0.080525
skhynix,10,2002,2012,0.159151
skhynix,10,2003,2013,0.207163
skhynix,10,2004,2014,0.151502
skhynix,10,2005,2015,-0.013705
skhynix,10,2006,2016,0.020613
skhynix,10,2007,2017,0.114172
skhynix,10,2008,2018,0.246144
skhynix,10,2009,2019,0.150546
skhynix,10,2010,2020,0.173142
skhynix,10,2011,2021,0.195594
skhynix,10,2012,2022,0.112829
skhynix,10,2013,2023,0.144171
skhynix,10,2014,2024,0.137975
skhynix,10,2015,2025,0.35698
skhynix,20,1997,2017,-0.060728
skhynix,20,1998,2018,-0.095307
skhynix,20,1999,2019,-0.080678
skhynix,20,2000,2020,0.017037
skhynix,20,2001,2021,0.048484
skhynix,20,2002,2022,0.135754
skhynix,20,2003,2023,0.175245
skhynix,20,2004,2024,0.144718
skhynix,20,2005,2025,0.156885
naver,10,2002,2012,0.407306
naver,10,2003,2013,0.374405
naver,10,2004,2014,0.346474
naver,10,2005,2015,0.187968
naver,10,2006,2016,0.1797
naver,10,2007,2017,0.11453
naver,10,2008,2018,0.136864
naver,10,2009,2019,0.140787
naver,10,2010,2020,0.173483
naver,10,2011,2021,0.212957
naver,10,2012,2022,0.116308
naver,10,2013,2023,0.044595
naver,10,2014,2024,0.033981
naver,10,2015,2025,0.06303
naver,20,2002,2022,0.25339
naver,20,2003,2023,0.198206
naver,20,2004,2024,0.179927
naver,20,2005,2025,0.123764
gst,10,2006,2016,0.06169
gst,10,2007,2017,0.14247
gst,10,2008,2018,0.158453
gst,10,2009,2019,0.193796
gst,10,2010,2020,0.189817
gst,10,2011,2021,0.265638
gst,10,2012,2022,0.16766
gst,10,2013,2023,0.176772
gst,10,2014,2024,0.195314
gst,10,2015,2025,0.256903
kb_apt_nationwide,10,1985*,1995,0.062968
kb_apt_nationwide,10,1986,1996,0.071257
kb_apt_nationwide,10,1987,1997,0.066576
kb_apt_nationwide,10,1988,1998,0.032124
kb_apt_nationwide,10,1989,1999,0.02164
kb_apt_nationwide,10,1990,2000,-0.005184
kb_apt_nationwide,10,1991,2001,0.010297
kb_apt_nationwide,10,1992,2002,0.036516
kb_apt_nationwide,10,1993,2003,0.048858
kb_apt_nationwide,10,1994,2004,0.047506
kb_apt_nationwide,10,1995,2005,0.052742
kb_apt_nationwide,10,1996,2006,0.06273
kb_apt_nationwide,10,1997,2007,0.060072
kb_apt_nationwide,10,1998,2008,0.078147
kb_apt_nationwide,10,1999,2009,0.07103
kb_apt_nationwide,10,2000,2010,0.072239
kb_apt_nationwide,10,2001,2011,0.067515
kb_apt_nationwide,10,2002,2012,0.045639
kb_apt_nationwide,10,2003,2013,0.036474
kb_apt_nationwide,10,2004,2014,0.039577
kb_apt_nationwide,10,2005,2015,0.03879
kb_apt_nationwide,10,2006,2016,0.027019
kb_apt_nationwide,10,2007,2017,0.026176
kb_apt_nationwide,10,2008,2018,0.026833
kb_apt_nationwide,10,2009,2019,0.024851
kb_apt_nationwide,10,2010,2020,0.031755
kb_apt_nationwide,10,2011,2021,0.041302
kb_apt_nationwide,10,2012,2022,0.038194
kb_apt_nationwide,10,2013,2023,0.030653
kb_apt_nationwide,10,2014,2024,0.027605
kb_apt_nationwide,10,2015,2025,0.023786
kb_apt_nationwide,20,1985*,2005,0.057842
kb_apt_nationwide,20,1986,2006,0.066985
kb_apt_nationwide,20,1987,2007,0.063319
kb_apt_nationwide,20,1988,2008,0.054885
kb_apt_nationwide,20,1989,2009,0.046043
kb_apt_nationwide,20,1990,2010,0.032802
kb_apt_nationwide,20,1991,2011,0.038512
kb_apt_nationwide,20,1992,2012,0.041067
kb_apt_nationwide,20,1993,2013,0.042648
kb_apt_nationwide,20,1994,2014,0.043534
kb_apt_nationwide,20,1995,2015,0.045743
kb_apt_nationwide,20,1996,2016,0.044722
kb_apt_nationwide,20,1997,2017,0.042986
kb_apt_nationwide,20,1998,2018,0.052177
kb_apt_nationwide,20,1999,2019,0.047686
kb_apt_nationwide,20,2000,2020,0.051802
kb_apt_nationwide,20,2001,2021,0.054327
kb_apt_nationwide,20,2002,2022,0.04191
kb_apt_nationwide,20,2003,2023,0.03356
kb_apt_nationwide,20,2004,2024,0.033574
kb_apt_nationwide,20,2005,2025,0.031261
kb_apt_nationwide,30,1985*,2015,0.051453
kb_apt_nationwide,30,1986,2016,0.053493
kb_apt_nationwide,30,1987,2017,0.050791
kb_apt_nationwide,30,1988,2018,0.04545
kb_apt_nationwide,30,1989,2019,0.038931
kb_apt_nationwide,30,1990,2020,0.032453
kb_apt_nationwide,30,1991,2021,0.039441
kb_apt_nationwide,30,1992,2022,0.040109
kb_apt_nationwide,30,1993,2023,0.038634
kb_apt_nationwide,30,1994,2024,0.038197
kb_apt_nationwide,30,1995,2025,0.038372
kb_apt_seoul,10,1985*,1995,0.056531
kb_apt_seoul,10,1986,1996,0.066372
kb_apt_seoul,10,1987,1997,0.066817
kb_apt_seoul,10,1988,1998,0.032468
kb_apt_seoul,10,1989,1999,0.026837
kb_apt_seoul,10,1990,2000,-0.001357
kb_apt_seoul,10,1991,2001,0.021131
kb_apt_seoul,10,1992,2002,0.053564
kb_apt_seoul,10,1993,2003,0.066806
kb_apt_seoul,10,1994,2004,0.06443
kb_apt_seoul,10,1995,2005,0.073719
kb_apt_seoul,10,1996,2006,0.092662
kb_apt_seoul,10,1997,2007,0.090972
kb_apt_seoul,10,1998,2008,0.11184
kb_apt_seoul,10,1999,2009,0.101619
kb_apt_seoul,10,2000,2010,0.094688
kb_apt_seoul,10,2001,2011,0.075041
kb_apt_seoul,10,2002,2012,0.041785
kb_apt_seoul,10,2003,2013,0.029823
kb_apt_seoul,10,2004,2014,0.031996
kb_apt_seoul,10,2005,2015,0.02862
kb_apt_seoul,10,2006,2016,0.010807
kb_apt_seoul,10,2007,2017,0.012466
kb_apt_seoul,10,2008,2018,0.022179
kb_apt_seoul,10,2009,2019,0.022491
kb_apt_seoul,10,2010,2020,0.037421
kb_apt_seoul,10,2011,2021,0.053759
kb_apt_seoul,10,2012,2022,0.055418
kb_apt_seoul,10,2013,2023,0.050534
kb_apt_seoul,10,2014,2024,0.05234
kb_apt_seoul,10,2015,2025,0.057886
kb_apt_seoul,20,1985*,2005,0.06509
kb_apt_seoul,20,1986,2006,0.079437
kb_apt_seoul,20,1987,2007,0.078827
kb_apt_seoul,20,1988,2008,0.071419
kb_apt_seoul,20,1989,2009,0.063571
kb_apt_seoul,20,1990,2010,0.045563
kb_apt_seoul,20,1991,2011,0.047739
kb_apt_seoul,20,1992,2012,0.047658
kb_apt_seoul,20,1993,2013,0.048151
kb_apt_seoul,20,1994,2014,0.048088
kb_apt_seoul,20,1995,2015,0.050927
kb_apt_seoul,20,1996,2016,0.050938
kb_apt_seoul,20,1997,2017,0.050986
kb_apt_seoul,20,1998,2018,0.066067
kb_apt_seoul,20,1999,2019,0.061318
kb_apt_seoul,20,2000,2020,0.06567
kb_apt_seoul,20,2001,2021,0.064347
kb_apt_seoul,20,2002,2022,0.048579
kb_apt_seoul,20,2003,2023,0.040127
kb_apt_seoul,20,2004,2024,0.042119
kb_apt_seoul,20,2005,2025,0.04315
kb_apt_seoul,30,1985*,2015,0.052792
kb_apt_seoul,30,1986,2016,0.056058
kb_apt_seoul,30,1987,2017,0.056237
kb_apt_seoul,30,1988,2018,0.054748
kb_apt_seoul,30,1989,2019,0.049698
kb_apt_seoul,30,1990,2020,0.042842
kb_apt_seoul,30,1991,2021,0.049742
kb_apt_seoul,30,1992,2022,0.050238
kb_apt_seoul,30,1993,2023,0.048945
kb_apt_seoul,30,1994,2024,0.049503
kb_apt_seoul,30,1995,2025,0.053242
bis_all_dwellings,10,1975,1985,0.170846
bis_all_dwellings,10,1976,1986,0.153365
bis_all_dwellings,10,1977,1987,0.119775
bis_all_dwellings,10,1978,1988,0.097233
bis_all_dwellings,10,1979,1989,0.102123
bis_all_dwellings,10,1980,1990,0.108144
bis_all_dwellings,10,1981,1991,0.103759
bis_all_dwellings,10,1982,1992,0.087303
bis_all_dwellings,10,1983,1993,0.065928
bis_all_dwellings,10,1984,1994,0.054531
bis_all_dwellings,10,1985,1995,0.047566
bis_all_dwellings,10,1986,1996,0.045044
bis_all_dwellings,10,1987,1997,0.04138
bis_all_dwellings,10,1988,1998,0.013966
bis_all_dwellings,10,1989,1999,0.004543
bis_all_dwellings,10,1990,2000,-0.013572
bis_all_dwellings,10,1991,2001,-0.007314
bis_all_dwellings,10,1992,2002,0.014727
bis_all_dwellings,10,1993,2003,0.024669
bis_all_dwellings,10,1994,2004,0.022584
bis_all_dwellings,10,1995,2005,0.026254
bis_all_dwellings,10,1996,2006,0.033993
bis_all_dwellings,10,1997,2007,0.036793
bis_all_dwellings,10,1998,2008,0.055159
bis_all_dwellings,10,1999,2009,0.051932
bis_all_dwellings,10,2000,2010,0.052924
bis_all_dwellings,10,2001,2011,0.051407
bis_all_dwellings,10,2002,2012,0.035308
bis_all_dwellings,10,2003,2013,0.028827
bis_all_dwellings,10,2004,2014,0.033375
bis_all_dwellings,10,2005,2015,0.034272
bis_all_dwellings,10,2006,2016,0.026653
bis_all_dwellings,10,2007,2017,0.022668
bis_all_dwellings,10,2008,2018,0.021917
bis_all_dwellings,10,2009,2019,0.021313
bis_all_dwellings,10,2010,2020,0.026714
bis_all_dwellings,10,2011,2021,0.034783
bis_all_dwellings,10,2012,2022,0.034394
bis_all_dwellings,10,2013,2023,0.028336
bis_all_dwellings,10,2014,2024,0.026037
bis_all_dwellings,10,2015,2025,0.0224
bis_all_dwellings,20,1975,1995,0.107492
bis_all_dwellings,20,1976,1996,0.097869
bis_all_dwellings,20,1977,1997,0.079866
bis_all_dwellings,20,1978,1998,0.054778
bis_all_dwellings,20,1979,1999,0.052202
bis_all_dwellings,20,1980,2000,0.045516
bis_all_dwellings,20,1981,2001,0.04675
bis_all_dwellings,20,1982,2002,0.050388
bis_all_dwellings,20,1983,2003,0.045095
bis_all_dwellings,20,1984,2004,0.038435
bis_all_dwellings,20,1985,2005,0.036855
bis_all_dwellings,20,1986,2006,0.039504
bis_all_dwellings,20,1987,2007,0.039084
bis_all_dwellings,20,1988,2008,0.034358
bis_all_dwellings,20,1989,2009,0.027964
bis_all_dwellings,20,1990,2010,0.019134
bis_all_dwellings,20,1991,2011,0.021624
bis_all_dwellings,20,1992,2012,0.024966
bis_all_dwellings,20,1993,2013,0.026746
bis_all_dwellings,20,1994,2014,0.027965
bis_all_dwellings,20,1995,2015,0.030255
bis_all_dwellings,20,1996,2016,0.030317
bis_all_dwellings,20,1997,2017,0.029707
bis_all_dwellings,20,1998,2018,0.038405
bis_all_dwellings,20,1999,2019,0.03651
bis_all_dwellings,20,2000,2020,0.039736
bis_all_dwellings,20,2001,2021,0.043062
bis_all_dwellings,20,2002,2022,0.034851
bis_all_dwellings,20,2003,2023,0.028581
bis_all_dwellings,20,2004,2024,0.029699
bis_all_dwellings,20,2005,2025,0.028319
bis_all_dwellings,30,1975,2005,0.079722
bis_all_dwellings,30,1976,2006,0.07615
bis_all_dwellings,30,1977,2007,0.065313
bis_all_dwellings,30,1978,2008,0.054905
bis_all_dwellings,30,1979,2009,0.052112
bis_all_dwellings,30,1980,2010,0.04798
bis_all_dwellings,30,1981,2011,0.0483
bis_all_dwellings,30,1982,2012,0.045337
bis_all_dwellings,30,1983,2013,0.039644
bis_all_dwellings,30,1984,2014,0.036745
bis_all_dwellings,30,1985,2015,0.035994
bis_all_dwellings,30,1986,2016,0.035203
bis_all_dwellings,30,1987,2017,0.033583
bis_all_dwellings,30,1988,2018,0.030194
bis_all_dwellings,30,1989,2019,0.025742
bis_all_dwellings,30,1990,2020,0.021654
bis_all_dwellings,30,1991,2021,0.025992
bis_all_dwellings,30,1992,2022,0.028099
bis_all_dwellings,30,1993,2023,0.027276
bis_all_dwellings,30,1994,2024,0.027322
bis_all_dwellings,30,1995,2025,0.02763
