series,year_end,value,cpi_yearend_est,kind
kospi_price,1979*,100.0,1448.6927,
kospi_price,1981,131.3,2064.8381,
kospi_price,1982,128.99,2174.0444,
kospi_price,1983,121.21,2235.9109,
kospi_price,1984,142.46,2288.8236,
kospi_price,1985,163.37,2348.4346,
kospi_price,1986,272.61,2416.5325,
kospi_price,1987,525.11,2539.242,
kospi_price,1988,907.2,2702.2785,
kospi_price,1989,909.72,2894.8723,
kospi_price,1990,696.11,3154.032,
kospi_price,1991,610.92,3398.84,
kospi_price,1992,678.44,3585.9385,
kospi_price,1993,866.18,3784.2727,
kospi_price,1994,1027.37,3987.47,
kospi_price,1995,882.94,4174.977,
kospi_price,1996,651.22,4370.4268,
kospi_price,1997,376.31,4631.1273,
kospi_price,1998,562.46,4821.4377,
kospi_price,1999,1028.07,4895.3738,
kospi_price,2000,504.62,5050.0144,
kospi_price,2001,693.7,5222.3392,
kospi_price,2002,627.55,5386.21,
kospi_price,2003,810.71,5577.5692,
kospi_price,2004,895.92,5754.4551,
kospi_price,2005,1379.37,5898.1868,
kospi_price,2006,1434.46,6039.0563,
kospi_price,2007,1897.13,6256.3846,
kospi_price,2008,1124.47,6488.5444,
kospi_price,2009,1682.77,6673.3285,
kospi_price,2010,2051.0,6905.6403,
kospi_price,2011,1825.74,7119.8822,
kospi_price,2012,1997.05,7243.9992,
kospi_price,2013,2011.34,7337.3063,
kospi_price,2014,1915.59,7409.9568,
kospi_price,2015,1961.31,7472.1206,
kospi_price,2016,2026.46,7580.9777,
kospi_price,2017,2467.49,7710.5984,
kospi_price,2018,2041.04,7782.1482,
kospi_price,2019,2197.67,7817.955,
kospi_price,2020,2873.47,7936.2466,
kospi_price,2021,2977.65,8236.6999,
kospi_price,2022,2236.4,8594.2401,
kospi_price,2023,2655.28,8848.4254,
kospi_price,2024,2399.49,9045.0702,
kospi_price,2025,4214.17,9237.1055,
kosdaq_price,1999,2561.4,4895.3738,official
kosdaq_price,2000,525.8,5050.0144,official
kosdaq_price,2001,718.5703,5222.3392,"estimate (KRX-data reconstruction, drift-corrected)"
kosdaq_price,2002,441.8933,5386.21,"estimate (KRX-data reconstruction, drift-corrected)"
kosdaq_price,2003,439.0857,5577.5692,"estimate (KRX-data reconstruction, drift-corrected)"
kosdaq_price,2004,373.5308,5754.4551,"estimate (KRX-data reconstruction, drift-corrected)"
kosdaq_price,2005,690.0855,5898.1868,"estimate (KRX-data reconstruction, drift-corrected)"
kosdaq_price,2006,600.8054,6039.0563,"estimate (KRX-data reconstruction, drift-corrected)"
kosdaq_price,2007,700.3515,6256.3846,"estimate (KRX-data reconstruction, drift-corrected)"
kosdaq_price,2008,331.3306,6488.5444,"estimate (KRX-data reconstruction, drift-corrected)"
kosdaq_price,2009,517.2473,6673.3285,"estimate (KRX-data reconstruction, drift-corrected)"
kosdaq_price,2010,521.1929,6905.6403,"estimate (KRX-data reconstruction, drift-corrected)"
kosdaq_price,2011,506.7259,7119.8822,"estimate (KRX-data reconstruction, drift-corrected)"
kosdaq_price,2012,502.6543,7243.9992,"estimate (KRX-data reconstruction, drift-corrected)"
kosdaq_price,2013,507.4799,7337.3063,"estimate (KRX-data reconstruction, drift-corrected)"
kosdaq_price,2014,549.8216,7409.9568,"estimate (KRX-data reconstruction, drift-corrected)"
kosdaq_price,2015,688.8391,7472.1206,"estimate (KRX-data reconstruction, drift-corrected)"
kosdaq_price,2016,635.7896,7580.9777,"estimate (KRX-data reconstruction, drift-corrected)"
kosdaq_price,2017,799.4053,7710.5984,"estimate (KRX-data reconstruction, drift-corrected)"
kosdaq_price,2018,678.8332,7782.1482,"estimate (KRX-data reconstruction, drift-corrected)"
kosdaq_price,2019,662.0024,7817.955,"estimate (KRX-data reconstruction, drift-corrected)"
kosdaq_price,2020,953.6078,7936.2466,"estimate (KRX-data reconstruction, drift-corrected)"
kosdaq_price,2021,1018.5346,8236.6999,"estimate (KRX-data reconstruction, drift-corrected)"
kosdaq_price,2022,674.2447,8594.2401,"estimate (KRX-data reconstruction, drift-corrected)"
kosdaq_price,2023,857.9432,8848.4254,"estimate (KRX-data reconstruction, drift-corrected)"
kosdaq_price,2024,673.1363,9045.0702,"estimate (KRX-data reconstruction, drift-corrected)"
kosdaq_price,2025,925.47,9237.1055,official
samsung,1995,1828.9708,4174.977,
samsung,1996,789.7239,4370.4268,
samsung,1997,686.2466,4631.1273,
samsung,1998,1545.8378,4821.4377,
samsung,1999,5320.0,4895.3738,
samsung,2000,3160.0,5050.0144,
samsung,2001,5580.0,5222.3392,
samsung,2002,6280.0,5386.21,
samsung,2003,9020.0,5577.5692,
samsung,2004,9010.0,5754.4551,
samsung,2005,13180.0,5898.1868,
samsung,2006,12260.0,6039.0563,
samsung,2007,11120.0,6256.3846,
samsung,2008,9020.0,6488.5444,
samsung,2009,15980.0,6673.3285,
samsung,2010,18980.0,6905.6403,
samsung,2011,21160.0,7119.8822,
samsung,2012,30440.0,7243.9992,
samsung,2013,27440.0,7337.3063,
samsung,2014,26540.0,7409.9568,
samsung,2015,25200.0,7472.1206,
samsung,2016,36040.0,7580.9777,
samsung,2017,50960.0,7710.5984,
samsung,2018,38700.0,7782.1482,
samsung,2019,55800.0,7817.955,
samsung,2020,81000.0,7936.2466,
samsung,2021,78300.0,8236.6999,
samsung,2022,55300.0,8594.2401,
samsung,2023,78500.0,8848.4254,
samsung,2024,53200.0,9045.0702,
samsung,2025,119900.0,9237.1055,
skhynix,1997,267813.4901,4631.1273,
skhynix,1998,448464.5655,4821.4377,
skhynix,1999,506100.0,4895.3738,
skhynix,2000,84525.0,5050.0144,
skhynix,2001,50820.0,5222.3392,
skhynix,2002,5880.0,5386.21,
skhynix,2003,5600.0,5577.5692,
skhynix,2004,11650.0,5754.4551,
skhynix,2005,35300.0,5898.1868,
skhynix,2006,36450.0,6039.0563,
skhynix,2007,25950.0,6256.3846,
skhynix,2008,6700.0,6488.5444,
skhynix,2009,23150.0,6673.3285,
skhynix,2010,24000.0,6905.6403,
skhynix,2011,21950.0,7119.8822,
skhynix,2012,25750.0,7243.9992,
skhynix,2013,36800.0,7337.3063,
skhynix,2014,47750.0,7409.9568,
skhynix,2015,30750.0,7472.1206,
skhynix,2016,44700.0,7580.9777,
skhynix,2017,76500.0,7710.5984,
skhynix,2018,60500.0,7782.1482,
skhynix,2019,94100.0,7817.955,
skhynix,2020,118500.0,7936.2466,
skhynix,2021,131000.0,8236.6999,
skhynix,2022,75000.0,8594.2401,
skhynix,2023,141500.0,8848.4254,
skhynix,2024,173900.0,9045.0702,
skhynix,2025,651000.0,9237.1055,
naver,2002,1938.5284,5386.21,
naver,2003,6020.3288,5577.5692,
naver,2004,7269.951,5754.4551,
naver,2005,23507.6259,5898.1868,
naver,2006,29690.4064,6039.0563,
naver,2007,58834.3637,6256.3846,
naver,2008,33827.8075,6488.5444,
naver,2009,49961.0696,6673.3285,
naver,2010,59068.5562,6905.6403,
naver,2011,54905.1337,7119.8822,
naver,2012,59068.5562,7243.9992,
naver,2013,144800.0,7337.3063,
naver,2014,142400.0,7409.9568,
naver,2015,131600.0,7472.1206,
naver,2016,155000.0,7580.9777,
naver,2017,174000.0,7710.5984,
naver,2018,122000.0,7782.1482,
naver,2019,186500.0,7817.955,
naver,2020,292500.0,7936.2466,
naver,2021,378500.0,8236.6999,
naver,2022,177500.0,8594.2401,
naver,2023,224000.0,8848.4254,
naver,2024,198900.0,9045.0702,
naver,2025,242500.0,9237.1055,
gst,2006,1512.057,6039.0563,
gst,2007,1633.7644,6256.3846,
gst,2008,511.1778,6488.5444,
gst,2009,869.5035,6673.3285,
gst,2010,1515.9931,6905.6403,
gst,2011,1789.1224,7119.8822,
gst,2012,2084.8037,7243.9992,
gst,2013,2711.2471,7337.3063,
gst,2014,2811.4781,7409.9568,
gst,2015,2931.7552,7472.1206,
gst,2016,2751.3395,7580.9777,
gst,2017,6189.261,7710.5984,
gst,2018,2225.127,7782.1482,
gst,2019,5111.7783,7817.955,
gst,2020,8619.8614,7936.2466,
gst,2021,18868.4758,8236.6999,
gst,2022,9822.6328,8594.2401,
gst,2023,13806.8129,8848.4254,
gst,2024,16740.0,9045.0702,
gst,2025,28850.0,9237.1055,
kb_apt_nationwide,1985*,17.5035,2348.4346,
kb_apt_nationwide,1986,16.7621,2416.5325,
kb_apt_nationwide,1987,18.3416,2539.242,
kb_apt_nationwide,1988,22.0163,2702.2785,
kb_apt_nationwide,1989,26.4647,2894.8723,
kb_apt_nationwide,1990,35.007,3154.032,
kb_apt_nationwide,1991,34.3623,3398.84,
kb_apt_nationwide,1992,32.6538,3585.9385,
kb_apt_nationwide,1993,31.7835,3784.2727,
kb_apt_nationwide,1994,32.0091,3987.47,
kb_apt_nationwide,1995,32.2348,4174.977,
kb_apt_nationwide,1996,33.363,4370.4268,
kb_apt_nationwide,1997,34.9425,4631.1273,
kb_apt_nationwide,1998,30.204,4821.4377,
kb_apt_nationwide,1999,32.7828,4895.3738,
kb_apt_nationwide,2000,33.234,5050.0144,
kb_apt_nationwide,2001,38.0693,5222.3392,
kb_apt_nationwide,2002,46.7404,5386.21,
kb_apt_nationwide,2003,51.2118,5577.5692,
kb_apt_nationwide,2004,50.9141,5754.4551,
kb_apt_nationwide,2005,53.8943,5898.1868,
kb_apt_nationwide,2006,61.305,6039.0563,
kb_apt_nationwide,2007,62.619,6256.3846,
kb_apt_nationwide,2008,64.098,6488.5444,
kb_apt_nationwide,2009,65.112,6673.3285,
kb_apt_nationwide,2010,66.7572,6905.6403,
kb_apt_nationwide,2011,73.167,7119.8822,
kb_apt_nationwide,2012,73.0317,7243.9992,
kb_apt_nationwide,2013,73.275,7337.3063,
kb_apt_nationwide,2014,75.0592,7409.9568,
kb_apt_nationwide,2015,78.8537,7472.1206,
kb_apt_nationwide,2016,80.035,7580.9777,
kb_apt_nationwide,2017,81.0819,7710.5984,
kb_apt_nationwide,2018,83.53,7782.1482,
kb_apt_nationwide,2019,83.2279,7817.955,
kb_apt_nationwide,2020,91.2566,7936.2466,
kb_apt_nationwide,2021,109.6685,8236.6999,
kb_apt_nationwide,2022,106.2417,8594.2401,
kb_apt_nationwide,2023,99.1018,8848.4254,
kb_apt_nationwide,2024,98.5524,9045.0702,
kb_apt_nationwide,2025,99.7506,9237.1055,
kb_apt_seoul,1985*,12.0663,2348.4346,
kb_apt_seoul,1986,11.4598,2416.5325,
kb_apt_seoul,1987,12.0035,2539.242,
kb_apt_seoul,1988,14.2202,2702.2785,
kb_apt_seoul,1989,16.897,2894.8723,
kb_apt_seoul,1990,23.2542,3154.032,
kb_apt_seoul,1991,22.2086,3398.84,
kb_apt_seoul,1992,21.2467,3585.9385,
kb_apt_seoul,1993,20.6611,3784.2727,
kb_apt_seoul,1994,20.9121,3987.47,
kb_apt_seoul,1995,20.9121,4174.977,
kb_apt_seoul,1996,21.7904,4370.4268,
kb_apt_seoul,1997,22.9196,4631.1273,
kb_apt_seoul,1998,19.5737,4821.4377,
kb_apt_seoul,1999,22.0204,4895.3738,
kb_apt_seoul,2000,22.9405,5050.0144,
kb_apt_seoul,2001,27.3739,5222.3392,
kb_apt_seoul,2002,35.8015,5386.21,
kb_apt_seoul,2003,39.4466,5577.5692,
kb_apt_seoul,2004,39.0452,5754.4551,
kb_apt_seoul,2005,42.5895,5898.1868,
kb_apt_seoul,2006,52.8597,6039.0563,
kb_apt_seoul,2007,54.745,6256.3846,
kb_apt_seoul,2008,56.5061,6488.5444,
kb_apt_seoul,2009,57.9614,6673.3285,
kb_apt_seoul,2010,56.6899,6905.6403,
kb_apt_seoul,2011,56.4399,7119.8822,
kb_apt_seoul,2012,53.9117,7243.9992,
kb_apt_seoul,2013,52.9218,7337.3063,
kb_apt_seoul,2014,53.4993,7409.9568,
kb_apt_seoul,2015,56.4744,7472.1206,
kb_apt_seoul,2016,58.858,7580.9777,
kb_apt_seoul,2017,61.9651,7710.5984,
kb_apt_seoul,2018,70.3665,7782.1482,
kb_apt_seoul,2019,72.3991,7817.955,
kb_apt_seoul,2020,81.8571,7936.2466,
kb_apt_seoul,2021,95.2791,8236.6999,
kb_apt_seoul,2022,92.4542,8594.2401,
kb_apt_seoul,2023,86.6438,8848.4254,
kb_apt_seoul,2024,89.1069,9045.0702,
kb_apt_seoul,2025,99.138,9237.1055,
bis_all_dwellings,1975,8.2318,797.4895,
bis_all_dwellings,1976,9.9354,898.6242,
bis_all_dwellings,1977,14.1702,1008.7711,
bis_all_dwellings,1978,19.7727,1173.966,
bis_all_dwellings,1979,21.5505,1448.6927,
bis_all_dwellings,1980,24.6545,1810.4408,
bis_all_dwellings,1981,26.1477,2064.8381,
bis_all_dwellings,1982,28.5463,2174.0444,
bis_all_dwellings,1983,33.6661,2235.9109,
bis_all_dwellings,1984,37.3747,2288.8236,
bis_all_dwellings,1985,39.8559,2348.4346,
bis_all_dwellings,1986,41.3859,2416.5325,
bis_all_dwellings,1987,43.9223,2539.242,
bis_all_dwellings,1988,50.0097,2702.2785,
bis_all_dwellings,1989,56.9849,2894.8723,
bis_all_dwellings,1990,68.8426,3154.032,
bis_all_dwellings,1991,70.1742,3398.84,
bis_all_dwellings,1992,65.9257,3585.9385,
bis_all_dwellings,1993,63.7486,3784.2727,
bis_all_dwellings,1994,63.5584,3987.47,
bis_all_dwellings,1995,63.4316,4174.977,
bis_all_dwellings,1996,64.2982,4370.4268,
bis_all_dwellings,1997,65.8835,4631.1273,
bis_all_dwellings,1998,57.4499,4821.4377,
bis_all_dwellings,1999,59.627,4895.3738,
bis_all_dwellings,2000,60.0497,5050.0144,
bis_all_dwellings,2001,65.2071,5222.3392,
bis_all_dwellings,2002,76.3039,5386.21,
bis_all_dwellings,2003,81.3406,5577.5692,
bis_all_dwellings,2004,79.4628,5754.4551,
bis_all_dwellings,2005,82.1968,5898.1868,
bis_all_dwellings,2006,89.8204,6039.0563,
bis_all_dwellings,2007,94.558,6256.3846,
bis_all_dwellings,2008,98.2808,6488.5444,
bis_all_dwellings,2009,98.9283,6673.3285,
bis_all_dwellings,2010,100.5731,6905.6403,
bis_all_dwellings,2011,107.6472,7119.8822,
bis_all_dwellings,2012,107.9549,7243.9992,
bis_all_dwellings,2013,108.076,7337.3063,
bis_all_dwellings,2014,110.3424,7409.9568,
bis_all_dwellings,2015,115.1342,7472.1206,
bis_all_dwellings,2016,116.8458,7580.9777,
bis_all_dwellings,2017,118.3167,7710.5984,
bis_all_dwellings,2018,122.0746,7782.1482,
bis_all_dwellings,2019,122.1546,7817.955,
bis_all_dwellings,2020,130.9111,7936.2466,
bis_all_dwellings,2021,151.529,8236.6999,
bis_all_dwellings,2022,151.3923,8594.2401,
bis_all_dwellings,2023,142.9153,8848.4254,
bis_all_dwellings,2024,142.6825,9045.0702,
bis_all_dwellings,2025,143.6856,9237.1055,
