code,name,date,prev_close,close,krx_base,krx_base_factor,factor_used,rule
005930,Samsung Electronics,1995-07-08,130500.0,135000.0,130000.0,0.9961685823754789,0.9961685823754789,KRX base price (rights / bonus issue / stock dividend ex-date)
005930,Samsung Electronics,1996-01-03,141000.0,142000.0,137000.0,0.9716312056737588,0.9716312056737588,KRX base price (rights / bonus issue / stock dividend ex-date)
005930,Samsung Electronics,1996-03-12,126500.0,93000.0,97300.0,0.7691699604743083,0.7691699604743083,KRX base price (rights / bonus issue / stock dividend ex-date)
005930,Samsung Electronics,1997-01-03,45500.0,44000.0,44400.0,0.9758241758241758,0.9758241758241758,KRX base price (rights / bonus issue / stock dividend ex-date)
005930,Samsung Electronics,1997-05-22,63500.0,62500.0,63200.0,0.9952755905511811,0.9952755905511811,KRX base price (rights / bonus issue / stock dividend ex-date)
005930,Samsung Electronics,1998-01-03,38400.0,40500.0,37800.0,0.984375,0.984375,KRX base price (rights / bonus issue / stock dividend ex-date)
005930,Samsung Electronics,1998-04-25,68300.0,66600.0,66600.0,0.9751098096632503,0.9751098096632503,KRX base price (rights / bonus issue / stock dividend ex-date)
005930,Samsung Electronics,1998-08-14,41000.0,39300.0,39850.0,0.9719512195121951,0.9719512195121951,KRX base price (rights / bonus issue / stock dividend ex-date)
005930,Samsung Electronics,1999-01-04,80700.0,86500.0,79000.0,0.9789343246592317,0.9789343246592317,KRX base price (rights / bonus issue / stock dividend ex-date)
005930,Samsung Electronics,1999-05-13,92500.0,89900.0,90500.0,0.9783783783783784,0.9783783783783784,KRX base price (rights / bonus issue / stock dividend ex-date)
005930,Samsung Electronics,2018-05-04,2650000.0,51900.0,53000.0,0.02,0.02,50:1 stock split (KRX base gives the same 0.02)
000660,SK hynix,1998-05-09,17500.0,16250.0,16450.0,0.94,0.94,KRX base price (rights / bonus issue / stock dividend ex-date)
000660,SK hynix,1998-11-16,24300.0,23200.0,21900.0,0.9012345679012346,0.9012345679012346,KRX base price (rights / bonus issue / stock dividend ex-date)
000660,SK hynix,1999-05-06,24800.0,19400.0,19200.0,0.7741935483870968,0.7741935483870968,KRX base price (rights / bonus issue / stock dividend ex-date)
000660,SK hynix,1999-11-11,26150.0,25450.0,23650.0,0.904397705544933,0.904397705544933,KRX base price (rights / bonus issue / stock dividend ex-date)
000660,SK hynix,2003-04-14,135.0,3045.0,2650.0,19.62962962962963,21.0,"1:21 reverse split (share count 5,239,972,289 -> 249,522,490); pure ratio used instead of KRX re-listing base (factor 19.63)"
035420,NAVER,2004-02-26,146100.0,72000.0,73100.0,0.5003422313483915,0.5003422313483915,KRX base price (rights / bonus issue / stock dividend ex-date)
035420,NAVER,2006-07-14,318000.0,104700.0,106400.0,0.33459119496855344,0.33459119496855344,KRX base price (rights / bonus issue / stock dividend ex-date)
035420,NAVER,2008-11-28,116600.0,122500.0,118500.0,1.016295025728988,1.0,"move from KOSDAQ to KOSPI: no corporate action, holder value continuous (KRX listing base would give 1.0163)"
035420,NAVER,2013-08-29,293500.0,480000.0,460000.0,1.567291311754685,1.3010695198037012,split-off of NHN Entertainment: holder kept 0.6849 NAVER + 0.3151 NHN Ent per old share; NHN Ent valued at its first close and assumed reinvested in NAVER (KRX re-listing base would give 1.5673)
035420,NAVER,2018-10-12,704000.0,142000.0,141000.0,0.2002840909090909,0.2,5:1 stock split (KRX base gives 0.200284 due to tick rounding)
083450,GST (Global Standard Technology),2007-07-19,14050.0,8080.0,7030.0,0.500355871886121,0.500355871886121,KRX base price (rights / bonus issue / stock dividend ex-date)
083450,GST (Global Standard Technology),2024-06-26,43300.0,21600.0,21700.0,0.5011547344110855,0.5011547344110855,KRX base price (rights / bonus issue / stock dividend ex-date)
