code,name,year,last_trading_day,raw_close,adjusted_close_latest_share_basis
005930,Samsung Electronics,1995,1995-12-27,141000.0,1828.9708
005930,Samsung Electronics,1996,1996-12-27,45500.0,789.7239
005930,Samsung Electronics,1997,1997-12-27,38400.0,686.2466
005930,Samsung Electronics,1998,1998-12-28,80700.0,1545.8378
005930,Samsung Electronics,1999,1999-12-28,266000.0,5320.0
005930,Samsung Electronics,2000,2000-12-26,158000.0,3160.0
005930,Samsung Electronics,2001,2001-12-28,279000.0,5580.0
005930,Samsung Electronics,2002,2002-12-30,314000.0,6280.0
005930,Samsung Electronics,2003,2003-12-30,451000.0,9020.0
005930,Samsung Electronics,2004,2004-12-30,450500.0,9010.0
005930,Samsung Electronics,2005,2005-12-29,659000.0,13180.0
005930,Samsung Electronics,2006,2006-12-28,613000.0,12260.0
005930,Samsung Electronics,2007,2007-12-28,556000.0,11120.0
005930,Samsung Electronics,2008,2008-12-30,451000.0,9020.0
005930,Samsung Electronics,2009,2009-12-30,799000.0,15980.0
005930,Samsung Electronics,2010,2010-12-30,949000.0,18980.0
005930,Samsung Electronics,2011,2011-12-29,1058000.0,21160.0
005930,Samsung Electronics,2012,2012-12-28,1522000.0,30440.0
005930,Samsung Electronics,2013,2013-12-30,1372000.0,27440.0
005930,Samsung Electronics,2014,2014-12-30,1327000.0,26540.0
005930,Samsung Electronics,2015,2015-12-30,1260000.0,25200.0
005930,Samsung Electronics,2016,2016-12-29,1802000.0,36040.0
005930,Samsung Electronics,2017,2017-12-28,2548000.0,50960.0
005930,Samsung Electronics,2018,2018-12-28,38700.0,38700.0
005930,Samsung Electronics,2019,2019-12-30,55800.0,55800.0
005930,Samsung Electronics,2020,2020-12-30,81000.0,81000.0
005930,Samsung Electronics,2021,2021-12-30,78300.0,78300.0
005930,Samsung Electronics,2022,2022-12-29,55300.0,55300.0
005930,Samsung Electronics,2023,2023-12-28,78500.0,78500.0
005930,Samsung Electronics,2024,2024-12-30,53200.0,53200.0
005930,Samsung Electronics,2025,2025-12-30,119900.0,119900.0
005930,Samsung Electronics,2026,2026-10-02,276000.0,276000.0
000660,SK hynix,1997,1997-12-27,21500.0,267813.4901
000660,SK hynix,1998,1998-12-28,30500.0,448464.5655
000660,SK hynix,1999,1999-12-28,24100.0,506100.0
000660,SK hynix,2000,2000-12-26,4025.0,84525.0
000660,SK hynix,2001,2001-12-28,2420.0,50820.0
000660,SK hynix,2002,2002-12-30,280.0,5880.0
000660,SK hynix,2003,2003-12-30,5600.0,5600.0
000660,SK hynix,2004,2004-12-30,11650.0,11650.0
000660,SK hynix,2005,2005-12-29,35300.0,35300.0
000660,SK hynix,2006,2006-12-28,36450.0,36450.0
000660,SK hynix,2007,2007-12-28,25950.0,25950.0
000660,SK hynix,2008,2008-12-30,6700.0,6700.0
000660,SK hynix,2009,2009-12-30,23150.0,23150.0
000660,SK hynix,2010,2010-12-30,24000.0,24000.0
000660,SK hynix,2011,2011-12-29,21950.0,21950.0
000660,SK hynix,2012,2012-12-28,25750.0,25750.0
000660,SK hynix,2013,2013-12-30,36800.0,36800.0
000660,SK hynix,2014,2014-12-30,47750.0,47750.0
000660,SK hynix,2015,2015-12-30,30750.0,30750.0
000660,SK hynix,2016,2016-12-29,44700.0,44700.0
000660,SK hynix,2017,2017-12-28,76500.0,76500.0
000660,SK hynix,2018,2018-12-28,60500.0,60500.0
000660,SK hynix,2019,2019-12-30,94100.0,94100.0
000660,SK hynix,2020,2020-12-30,118500.0,118500.0
000660,SK hynix,2021,2021-12-30,131000.0,131000.0
000660,SK hynix,2022,2022-12-29,75000.0,75000.0
000660,SK hynix,2023,2023-12-28,141500.0,141500.0
000660,SK hynix,2024,2024-12-30,173900.0,173900.0
000660,SK hynix,2025,2025-12-30,651000.0,651000.0
000660,SK hynix,2026,2026-10-02,1841000.0,1841000.0
035420,NAVER,2002,2002-12-30,44500.0,1938.5284
035420,NAVER,2003,2003-12-30,138200.0,6020.3288
035420,NAVER,2004,2004-12-30,83500.0,7269.951
035420,NAVER,2005,2005-12-29,270000.0,23507.6259
035420,NAVER,2006,2006-12-28,114100.0,29690.4064
035420,NAVER,2007,2007-12-28,226100.0,58834.3637
035420,NAVER,2008,2008-12-30,130000.0,33827.8075
035420,NAVER,2009,2009-12-30,192000.0,49961.0696
035420,NAVER,2010,2010-12-30,227000.0,59068.5562
035420,NAVER,2011,2011-12-29,211000.0,54905.1337
035420,NAVER,2012,2012-12-28,227000.0,59068.5562
035420,NAVER,2013,2013-12-30,724000.0,144800.0
035420,NAVER,2014,2014-12-30,712000.0,142400.0
035420,NAVER,2015,2015-12-30,658000.0,131600.0
035420,NAVER,2016,2016-12-29,775000.0,155000.0
035420,NAVER,2017,2017-12-28,870000.0,174000.0
035420,NAVER,2018,2018-12-28,122000.0,122000.0
035420,NAVER,2019,2019-12-30,186500.0,186500.0
035420,NAVER,2020,2020-12-30,292500.0,292500.0
035420,NAVER,2021,2021-12-30,378500.0,378500.0
035420,NAVER,2022,2022-12-29,177500.0,177500.0
035420,NAVER,2023,2023-12-28,224000.0,224000.0
035420,NAVER,2024,2024-12-30,198900.0,198900.0
035420,NAVER,2025,2025-12-30,242500.0,242500.0
035420,NAVER,2026,2026-10-02,192200.0,192200.0
083450,GST (Global Standard Technology),2006,2006-12-28,6030.0,1512.057
083450,GST (Global Standard Technology),2007,2007-12-28,3260.0,1633.7644
083450,GST (Global Standard Technology),2008,2008-12-30,1020.0,511.1778
083450,GST (Global Standard Technology),2009,2009-12-30,1735.0,869.5035
083450,GST (Global Standard Technology),2010,2010-12-30,3025.0,1515.9931
083450,GST (Global Standard Technology),2011,2011-12-29,3570.0,1789.1224
083450,GST (Global Standard Technology),2012,2012-12-28,4160.0,2084.8037
083450,GST (Global Standard Technology),2013,2013-12-30,5410.0,2711.2471
083450,GST (Global Standard Technology),2014,2014-12-30,5610.0,2811.4781
083450,GST (Global Standard Technology),2015,2015-12-30,5850.0,2931.7552
083450,GST (Global Standard Technology),2016,2016-12-29,5490.0,2751.3395
083450,GST (Global Standard Technology),2017,2017-12-28,12350.0,6189.261
083450,GST (Global Standard Technology),2018,2018-12-28,4440.0,2225.127
083450,GST (Global Standard Technology),2019,2019-12-30,10200.0,5111.7783
083450,GST (Global Standard Technology),2020,2020-12-30,17200.0,8619.8614
083450,GST (Global Standard Technology),2021,2021-12-30,37650.0,18868.4758
083450,GST (Global Standard Technology),2022,2022-12-29,19600.0,9822.6328
083450,GST (Global Standard Technology),2023,2023-12-28,27550.0,13806.8129
083450,GST (Global Standard Technology),2024,2024-12-30,16740.0,16740.0
083450,GST (Global Standard Technology),2025,2025-12-30,28850.0,28850.0
083450,GST (Global Standard Technology),2026,2026-10-02,53600.0,53600.0
