날짜,예측값,상단,하단
2026-09-28,17746.381587647076,18045.118153732237,17441.161582419725
2026-09-29,17759.543044481696,18204.925428655148,17301.167066324793
2026-09-30,17764.15571881825,18325.978899318085,17178.37937044445
2026-10-01,17769.032071349935,18422.261897728644,17084.059326712075
2026-10-02,17774.352519692075,18507.14579602882,17003.279136650126
2026-10-06,17779.221371631254,18587.993129609258,16918.52389317556
2026-10-07,17777.957594847787,18660.194770108563,16852.736089280243
2026-10-08,17780.521880185355,18722.987662924777,16792.54638995553
2026-10-12,17777.63391988414,18783.0972974729,16725.829343739933
2026-10-13,17779.97560294291,18828.112218926803,16668.95115197849
2026-10-14,17783.130684426957,18894.59271512404,16626.125906036294
2026-10-15,17781.797128623497,18952.64972389934,16578.261823767873
2026-10-16,17793.244209178338,19008.34553242139,16536.22229373115
2026-10-19,17793.647990280246,19054.21341859117,16499.26285384184
2026-10-20,17797.513116144415,19086.949473846413,16474.129638690818
2026-10-21,17790.291656155467,19148.582536192844,16422.229793552087
2026-10-22,17790.39247285296,19188.43791640147,16397.78391702809
2026-10-23,17792.680890586693,19242.01269653837,16354.87674487711
2026-10-26,17782.0152235633,19280.42527264596,16318.008552045643
2026-10-27,17790.868924491566,19320.465923122676,16273.719582307913
